customer_id,signup_date,cohort_month,acquisition_channel,acquisition_campaign,acquisition_cost,country,age,gender,plan_type,is_active,churn_date,lifetime_days,predicted_ltv,risk_score
1,2023-10-17,2023-10,paid_search,spring_promo,63.2,UK,32,M,free,1,,289,69.08,0.59
2,2022-02-02,2022-02,organic_search,summer_sale,1.09,FR,56,M,free,1,,911,69.04,0.23
3,2023-08-27,2023-08,email,spring_promo,11.86,US,62,M,free,0,2024-08-12,351,29.2,0.38
4,2023-01-03,2023-01,direct,product_hunt,0.79,US,64,M,free,1,,576,27.09,0.3
5,2023-10-06,2023-10,direct,product_hunt,0.58,US,20,F,pro,1,,300,1551.66,0.86
6,2023-01-25,2023-01,email,influencer_q2,10.26,CA,28,M,free,0,2023-04-15,80,74.82,0.18
7,2024-01-17,2024-01,referral,fall_launch,14.25,UK,58,F,free,0,2024-03-21,64,40.61,0.04
8,2022-11-20,2022-11,affiliate,brand_awareness,23.31,BR,63,M,pro,1,,620,1636.95,0.46
9,2022-09-29,2022-09,social_media,winter_deal,47.25,FR,34,F,basic,1,,672,315.48,0.99
10,2022-05-22,2022-05,content_marketing,summer_sale,23.89,US,27,F,pro,1,,802,411.48,0.38
11,2023-04-25,2023-04,email,webinar_series,13.19,US,61,F,pro,1,,464,704.23,0.64
12,2022-04-25,2022-04,email,influencer_q1,4.06,US,64,F,free,0,2022-10-31,189,65.69,0.11
13,2023-10-03,2023-10,email,,8.6,UK,27,M,free,1,,303,103.02,0.91
14,2023-09-06,2023-09,direct,influencer_q2,0.06,CA,37,M,free,1,,330,27.09,0.73
15,2024-04-15,2024-04,paid_search,webinar_series,64.78,US,60,M,basic,0,2025-06-29,440,640.76,0.92
16,2024-02-13,2024-02,referral,brand_awareness,12.98,IN,59,M,pro,1,,170,676.98,0.07
17,2022-01-22,2022-01,referral,product_hunt,9.4,US,63,F,free,1,,922,97.37,0.08
18,2022-09-01,2022-09,email,,8.31,FR,26,F,pro,1,,700,669.92,0.47
19,2023-02-21,2023-02,referral,summer_sale,6.94,AU,40,M,basic,1,,527,483.62,0.97
20,2022-04-11,2022-04,organic_search,influencer_q1,3.64,US,33,M,basic,0,2022-10-22,194,270.41,0.25
21,2022-03-19,2022-03,content_marketing,webinar_series,7.45,IN,52,F,enterprise,1,,866,5782.96,0.17
22,2023-05-13,2023-05,content_marketing,winter_deal,26.62,US,28,M,enterprise,1,,446,5433.98,0.46
23,2023-03-10,2023-03,content_marketing,fall_launch,9.75,UK,21,F,basic,1,,510,150.87,0.58
24,2023-05-30,2023-05,social_media,spring_promo,58.04,US,29,M,free,1,,429,56.34,0.93
25,2023-08-07,2023-08,referral,product_hunt,16.89,BR,23,M,basic,1,,360,624.74,0.21
26,2024-01-04,2024-01,direct,winter_deal,0.8,US,60,F,basic,1,,210,625.3,0.02
27,2023-09-29,2023-09,paid_search,summer_sale,49.95,FR,34,M,free,0,2024-06-12,257,53.26,0.16
28,2024-05-03,2024-05,email,product_hunt,14.79,IN,51,M,pro,1,,90,1275.28,0.93
29,2022-05-18,2022-05,email,summer_sale,13.57,JP,53,M,free,0,2023-05-11,358,38.32,0.63
30,2022-09-28,2022-09,content_marketing,brand_awareness,27.63,US,23,F,pro,0,2023-09-11,348,1430.41,0.63
31,2022-09-26,2022-09,social_media,influencer_q2,37.58,AU,53,M,free,1,,675,101.35,0.54
32,2024-05-04,2024-05,direct,product_hunt,1.66,AU,26,M,basic,1,,89,644.99,0.05
33,2023-01-02,2023-01,referral,,9.99,US,40,F,pro,1,,577,1213.75,0.16
34,2022-08-31,2022-08,social_media,fall_launch,54.07,US,29,F,free,1,,701,92.2,0.86
35,2024-04-10,2024-04,referral,brand_awareness,8.18,JP,24,M,free,0,2024-11-07,211,93.49,0.46
36,2022-11-09,2022-11,referral,winter_deal,5.47,UK,43,M,pro,1,,631,721.94,0.64
37,2023-02-14,2023-02,direct,spring_promo,0.35,UK,29,F,enterprise,0,2024-05-10,451,3066.71,0.78
38,2023-03-23,2023-03,paid_search,influencer_q1,73.47,UK,34,M,basic,1,,497,555.52,0.68
39,2024-01-30,2024-01,referral,retargeting,13.63,IN,39,F,pro,0,2024-12-09,314,1050.26,0.66
40,2022-12-01,2022-12,affiliate,brand_awareness,47.72,UK,44,F,basic,1,,609,213.97,0.57
41,2023-02-20,2023-02,organic_search,brand_awareness,1.43,AU,55,F,free,0,2023-10-03,225,66.01,0.79
42,2024-03-26,2024-03,social_media,,14.24,FR,60,F,free,1,,128,87.6,0.67
43,2022-08-19,2022-08,referral,fall_launch,5.49,UK,48,F,pro,1,,713,1596.04,0.57
44,2024-01-06,2024-01,affiliate,influencer_q2,39.98,US,59,F,pro,1,,208,1595.07,0.77
45,2022-08-13,2022-08,social_media,webinar_series,33.23,FR,33,F,free,0,2023-12-08,482,80.08,0.98
46,2023-09-02,2023-09,direct,influencer_q2,1.84,JP,50,M,enterprise,1,,334,2059.45,0.85
47,2023-04-06,2023-04,email,winter_deal,12.92,UK,51,F,free,0,2024-01-30,299,41.1,0.34
48,2023-07-08,2023-07,paid_search,fall_launch,24.8,AU,62,M,free,0,2024-06-17,345,68.84,0.42
49,2022-07-31,2022-07,affiliate,influencer_q1,65.24,BR,62,M,pro,1,,732,1006.85,0.93
50,2022-11-02,2022-11,affiliate,influencer_q1,46.91,JP,52,F,pro,1,,638,713.03,0.49
51,2023-02-03,2023-02,direct,,2.04,AU,64,M,basic,0,2024-08-09,553,134.56,0.4
52,2023-08-01,2023-08,organic_search,summer_sale,3.21,US,47,M,free,0,2024-11-15,472,49.42,0.76
53,2023-01-24,2023-01,email,influencer_q1,5.28,US,48,M,basic,1,,555,308.98,0.65
54,2024-03-10,2024-03,organic_search,spring_promo,4.75,UK,19,F,free,0,2024-07-12,124,70.76,0.22
55,2023-12-18,2023-12,email,retargeting,4.18,BR,65,F,pro,0,2024-11-07,325,475.66,0.04
56,2022-11-16,2022-11,affiliate,influencer_q1,67.07,UK,22,F,pro,1,,624,1323.96,0.31
57,2023-12-02,2023-12,paid_search,product_hunt,65.87,CA,52,M,basic,1,,243,304.26,0.84
58,2024-04-22,2024-04,content_marketing,summer_sale,15.84,CA,58,F,basic,0,2024-10-26,187,516.25,0.96
59,2022-10-04,2022-10,content_marketing,influencer_q2,15.89,JP,55,M,pro,1,,667,444.79,0.87
60,2022-09-07,2022-09,content_marketing,product_hunt,20.26,AU,39,M,pro,0,2023-04-19,224,830.95,0.26
61,2022-10-14,2022-10,email,webinar_series,2.13,UK,23,M,basic,1,,657,249.77,0.48
62,2023-12-30,2023-12,content_marketing,influencer_q2,24.82,US,36,M,pro,1,,215,1157.44,0.47
63,2023-06-28,2023-06,direct,influencer_q1,2.99,FR,39,M,basic,0,2024-02-26,243,185.15,0.2
64,2022-05-03,2022-05,social_media,winter_deal,20.82,DE,35,F,enterprise,1,,821,2728.19,0.11
65,2022-07-18,2022-07,email,winter_deal,6.69,UK,18,F,free,0,2022-09-18,62,69.8,0.69
66,2022-05-10,2022-05,content_marketing,summer_sale,26.82,BR,36,M,basic,0,2022-07-08,59,256.34,0.85
67,2022-04-27,2022-04,paid_search,influencer_q1,46.96,BR,58,F,free,1,,827,105.42,0.09
68,2022-09-12,2022-09,paid_search,webinar_series,64.69,BR,56,F,free,0,2023-12-24,468,101.77,0.3
69,2023-08-26,2023-08,affiliate,brand_awareness,48.43,US,57,NB,free,1,,341,76.3,0.27
70,2022-03-25,2022-03,social_media,winter_deal,18.69,US,28,M,basic,1,,860,277.28,0.24
71,2023-12-25,2023-12,email,influencer_q2,2.93,UK,34,F,basic,1,,220,624.18,0.43
72,2023-07-12,2023-07,referral,,7.98,UK,27,M,free,0,2025-02-20,589,102.91,0.44
73,2023-04-25,2023-04,email,influencer_q1,14.25,FR,52,F,free,0,2024-07-17,449,86.11,0.6
74,2022-01-27,2022-01,paid_search,winter_deal,77.52,BR,55,F,enterprise,1,,917,2655.36,0.05
75,2024-02-14,2024-02,social_media,influencer_q2,35.95,DE,35,M,basic,1,,169,385.53,0.1
76,2022-12-23,2022-12,affiliate,retargeting,36.05,US,28,M,pro,1,,587,1681.08,0.81
77,2023-07-18,2023-07,organic_search,influencer_q2,0.44,UK,38,M,pro,1,,380,1507.9,0.01
78,2024-06-09,2024-06,content_marketing,influencer_q1,6.36,FR,41,F,basic,1,,53,147.87,0.27
79,2022-05-15,2022-05,email,influencer_q2,13.45,DE,25,M,basic,1,,809,503.28,0.31
80,2022-01-15,2022-01,affiliate,summer_sale,31.24,US,47,F,basic,0,2022-11-16,305,394.79,0.28
81,2024-05-04,2024-05,content_marketing,influencer_q2,11.09,FR,27,M,enterprise,1,,89,5948.36,0.86
82,2022-10-10,2022-10,affiliate,retargeting,66.71,FR,35,F,free,0,2024-06-01,600,109.9,0.49
83,2022-06-02,2022-06,content_marketing,webinar_series,17.11,CA,53,F,basic,1,,791,589.58,0.97
84,2022-09-02,2022-09,affiliate,winter_deal,62.8,AU,20,M,basic,1,,699,325.86,0.98
85,2024-03-22,2024-03,social_media,influencer_q2,58.24,US,50,NB,free,0,2025-06-22,457,28.97,0.9
86,2022-01-16,2022-01,social_media,influencer_q1,53.55,US,22,M,enterprise,1,,928,4940.6,0.65
87,2024-05-22,2024-05,direct,,2.58,AU,38,F,pro,1,,71,1099.06,0.62
88,2022-08-29,2022-08,email,winter_deal,11.71,AU,24,F,pro,0,2023-02-22,177,1319.36,0.9
89,2022-02-17,2022-02,direct,spring_promo,0.88,CA,45,M,basic,1,,896,547.96,0.18
90,2022-03-22,2022-03,affiliate,product_hunt,54.16,DE,55,M,basic,0,2022-12-15,268,480.09,0.89
91,2023-04-22,2023-04,email,,9.11,US,46,F,enterprise,1,,467,6394.96,0.69
92,2023-04-13,2023-04,email,winter_deal,14.99,DE,24,M,basic,1,,476,656.05,0.3
93,2024-04-29,2024-04,affiliate,brand_awareness,20.4,IN,65,NB,enterprise,1,,94,5697.33,0.89
94,2024-03-05,2024-03,referral,product_hunt,21.04,UK,58,M,free,1,,149,89.07,0.68
95,2022-05-21,2022-05,paid_search,,57.01,UK,46,M,basic,0,2023-03-26,309,296.43,0.42
96,2022-07-25,2022-07,social_media,webinar_series,53.82,CA,51,F,free,0,2023-12-07,500,107.06,0.3
97,2024-06-10,2024-06,direct,summer_sale,1.4,US,27,F,free,1,,52,80.7,0.4
98,2024-05-16,2024-05,direct,summer_sale,2.37,US,34,F,basic,1,,77,483.06,0.58
99,2024-04-22,2024-04,direct,summer_sale,2.02,DE,19,F,enterprise,1,,101,4494.44,0.64
100,2023-10-13,2023-10,content_marketing,brand_awareness,21.23,US,26,M,free,1,,293,30.45,0.24
101,2023-07-05,2023-07,social_media,influencer_q1,32.68,IN,65,F,basic,1,,393,512.36,0.88
102,2023-11-02,2023-11,paid_search,influencer_q2,55.02,UK,20,F,free,0,2024-07-07,248,96.99,0.11
103,2023-12-04,2023-12,direct,webinar_series,2.71,IN,40,M,free,1,,241,105.41,0.82
104,2022-04-04,2022-04,referral,,17.79,US,21,F,free,0,2023-11-10,585,38.47,0.82
105,2023-07-22,2023-07,referral,product_hunt,9.32,UK,39,F,pro,1,,376,719.28,0.97
106,2022-05-14,2022-05,email,fall_launch,3.43,US,26,M,pro,1,,810,786.23,0.18
107,2022-02-23,2022-02,social_media,influencer_q1,36.3,JP,22,M,pro,1,,890,477.04,0.5
108,2023-09-22,2023-09,organic_search,,2.61,DE,59,NB,free,0,2024-11-13,418,58.36,0.12
109,2023-12-31,2023-12,content_marketing,summer_sale,27.48,CA,56,M,free,1,,214,72.68,0.71
110,2023-01-26,2023-01,email,influencer_q2,8.57,AU,24,F,free,1,,553,98.99,0.55
111,2024-06-05,2024-06,referral,influencer_q1,14.03,UK,44,M,basic,1,,57,171.35,0.43
112,2023-11-13,2023-11,email,retargeting,14.4,IN,48,M,pro,0,2024-02-26,105,1392.21,0.38
113,2022-05-14,2022-05,organic_search,product_hunt,4.78,FR,39,F,basic,1,,810,628.21,0.42
114,2024-01-09,2024-01,organic_search,brand_awareness,3,CA,24,F,free,1,,205,40.18,0.12
115,2024-05-15,2024-05,direct,summer_sale,2.29,BR,32,F,pro,1,,78,1498.53,0.61
116,2023-10-21,2023-10,organic_search,product_hunt,4.65,JP,35,M,free,1,,285,102.94,0.35
117,2022-07-05,2022-07,social_media,product_hunt,42.87,US,27,F,enterprise,1,,758,4064.61,0.38
118,2023-04-10,2023-04,direct,fall_launch,1.11,JP,38,F,basic,0,2023-06-09,60,204.01,0.75
119,2022-02-20,2022-02,paid_search,brand_awareness,43.8,AU,49,F,basic,0,2023-08-05,531,181.46,0.43
120,2022-10-18,2022-10,content_marketing,webinar_series,21.68,US,32,M,basic,0,2023-08-29,315,630.48,0.76
121,2024-02-22,2024-02,email,brand_awareness,6.27,US,49,F,free,0,2024-10-21,242,65.02,0.83
122,2024-04-05,2024-04,direct,summer_sale,1.19,JP,20,M,basic,0,2025-02-26,327,430.91,0.57
123,2023-12-28,2023-12,affiliate,brand_awareness,25.76,US,38,M,enterprise,1,,217,4923.89,0.36
124,2023-03-24,2023-03,paid_search,winter_deal,43.32,AU,51,M,pro,1,,496,639.06,0.77
125,2022-03-20,2022-03,paid_search,webinar_series,48.15,CA,40,F,pro,1,,865,660.23,0.15
126,2022-07-22,2022-07,social_media,product_hunt,17.64,IN,22,M,pro,1,,741,1406.4,0.75
127,2023-04-05,2023-04,direct,,0.95,DE,22,M,basic,1,,484,439.37,0.35
128,2022-03-17,2022-03,email,influencer_q2,7.87,US,41,F,free,1,,868,96.98,0.61
129,2023-06-04,2023-06,affiliate,influencer_q2,49.02,JP,20,M,pro,1,,424,783,0.48
130,2022-06-04,2022-06,organic_search,influencer_q2,0.52,CA,63,M,basic,0,2023-09-02,455,655.13,0.52
131,2023-09-17,2023-09,social_media,retargeting,28.64,UK,42,M,free,1,,319,91.03,0.64
132,2022-03-09,2022-03,direct,summer_sale,1.67,AU,36,M,pro,1,,876,1187.89,0.16
133,2022-03-25,2022-03,social_media,retargeting,25.51,IN,62,F,free,1,,860,27.62,0.56
134,2023-10-21,2023-10,direct,fall_launch,2.01,JP,61,F,free,1,,285,65.76,0.03
135,2022-11-13,2022-11,social_media,winter_deal,27.09,DE,30,M,free,0,2023-03-03,110,65.69,0.54
136,2024-01-27,2024-01,organic_search,,1.68,BR,26,F,free,0,2024-07-21,176,84.91,0.05
137,2023-01-09,2023-01,referral,influencer_q2,17.21,JP,46,M,free,1,,570,90.59,0.9
138,2022-07-18,2022-07,direct,,2.84,DE,47,F,pro,1,,745,922.87,0.17
139,2022-07-24,2022-07,social_media,brand_awareness,12.61,DE,41,F,free,1,,739,96.6,0.29
140,2024-02-21,2024-02,social_media,brand_awareness,32.47,FR,27,F,free,1,,162,93.5,0.88
141,2022-01-28,2022-01,affiliate,spring_promo,39.82,CA,33,M,free,0,2022-12-27,333,103.77,0.83
142,2023-10-28,2023-10,direct,fall_launch,0.41,UK,48,F,free,1,,278,60.37,0.02
143,2022-03-23,2022-03,organic_search,brand_awareness,1.08,US,53,F,basic,1,,862,539.13,0.24
144,2022-05-05,2022-05,organic_search,winter_deal,2.1,BR,47,M,pro,1,,819,1091.92,0.63
145,2023-08-12,2023-08,referral,fall_launch,10.83,US,57,M,basic,0,2023-11-14,94,402.68,0.36
146,2023-06-23,2023-06,organic_search,influencer_q1,4.37,US,58,M,basic,1,,405,312.83,0.08
147,2022-09-04,2022-09,paid_search,product_hunt,62.79,CA,26,M,basic,1,,697,214.55,0.77
148,2023-04-21,2023-04,content_marketing,,9.56,US,22,F,enterprise,0,2023-11-20,213,1436.55,0.21
149,2022-02-12,2022-02,direct,brand_awareness,1.55,FR,48,M,pro,0,2023-02-19,372,1561.48,0.06
150,2023-11-03,2023-11,direct,brand_awareness,0.37,CA,45,F,pro,1,,272,876.77,0.96
151,2023-05-24,2023-05,content_marketing,retargeting,28.11,FR,35,F,pro,0,2023-12-01,191,1105.48,0.32
152,2022-03-23,2022-03,direct,,0.89,DE,56,F,free,0,2023-06-30,464,23.81,0.86
153,2022-12-28,2022-12,affiliate,brand_awareness,51.97,US,22,F,basic,1,,582,524.94,0.17
154,2022-02-01,2022-02,social_media,product_hunt,43.9,DE,20,M,free,1,,912,52.59,0.94
155,2022-02-03,2022-02,social_media,,32.5,CA,41,M,free,0,2023-02-20,382,55.82,0.65
156,2022-09-13,2022-09,paid_search,spring_promo,62.82,DE,51,M,basic,0,2023-06-13,273,500.18,0.22
157,2023-09-19,2023-09,email,influencer_q2,4.6,US,22,M,pro,1,,317,446.42,0.68
158,2024-05-15,2024-05,direct,,1.04,US,53,F,pro,1,,78,1345.01,0.92
159,2023-10-16,2023-10,social_media,retargeting,35.44,US,30,F,free,0,2024-10-26,376,69.86,0.37
160,2024-04-02,2024-04,social_media,product_hunt,54.21,US,37,M,pro,1,,121,911.54,0.41
161,2023-08-12,2023-08,paid_search,fall_launch,78.2,IN,22,M,pro,1,,355,1584.26,0.77
162,2023-10-18,2023-10,social_media,fall_launch,31.63,US,25,F,free,0,2024-06-11,237,51.14,0.93
163,2022-10-18,2022-10,paid_search,brand_awareness,27.76,FR,35,M,free,0,2024-03-22,521,77.69,0.59
164,2023-08-18,2023-08,social_media,fall_launch,42.94,JP,56,M,enterprise,0,2023-09-23,36,1638.6,0.94
165,2024-02-29,2024-02,email,,4.74,BR,44,F,free,1,,154,69.1,0.64
166,2022-11-06,2022-11,content_marketing,winter_deal,25.12,IN,43,M,free,0,2024-02-06,457,57.41,0.47
167,2022-12-15,2022-12,social_media,retargeting,53.07,CA,64,NB,free,0,2024-01-05,386,66.35,0.11
168,2022-09-05,2022-09,content_marketing,summer_sale,11.69,UK,27,M,free,0,2023-11-14,435,42.34,0.86
169,2022-06-13,2022-06,direct,product_hunt,2.16,UK,28,F,basic,1,,780,286.61,0.03
170,2023-02-07,2023-02,content_marketing,winter_deal,10.38,CA,21,M,basic,1,,541,473.3,0.47
171,2023-07-04,2023-07,organic_search,summer_sale,2.15,UK,64,M,basic,0,2023-09-01,59,427.95,0.2
172,2023-07-21,2023-07,email,summer_sale,7.02,DE,53,M,enterprise,1,,377,1841.58,0.97
173,2023-02-08,2023-02,direct,retargeting,1.67,CA,27,M,basic,1,,540,144.46,0.14
174,2022-12-08,2022-12,content_marketing,webinar_series,16.42,BR,50,M,enterprise,1,,602,3321.95,0.61
175,2024-05-12,2024-05,email,product_hunt,6.37,FR,52,F,basic,1,,81,128.98,0.33
176,2022-04-23,2022-04,affiliate,product_hunt,35.38,JP,62,F,basic,0,2023-12-13,599,431.92,0.72
177,2023-08-21,2023-08,content_marketing,fall_launch,18.11,JP,57,F,basic,1,,346,250.79,0.57
178,2023-12-19,2023-12,paid_search,winter_deal,16.23,CA,44,M,pro,1,,226,1435.96,0.91
179,2024-06-12,2024-06,organic_search,fall_launch,2.59,FR,38,NB,basic,1,,50,636.61,0.46
180,2023-06-30,2023-06,direct,webinar_series,1.06,JP,61,F,pro,1,,398,596.86,0.25
181,2023-07-26,2023-07,email,winter_deal,14.24,UK,36,F,pro,1,,372,1010.92,0.56
182,2024-03-25,2024-03,email,brand_awareness,3.58,IN,52,M,enterprise,1,,129,6354.89,0.8
183,2022-10-25,2022-10,organic_search,brand_awareness,4.78,US,40,F,pro,1,,646,628.14,0.82
184,2022-10-05,2022-10,email,fall_launch,3.42,JP,55,M,free,1,,666,40.31,0.24
185,2022-04-13,2022-04,affiliate,retargeting,55.87,US,61,F,free,1,,841,103.62,0.41
186,2024-06-18,2024-06,content_marketing,influencer_q2,21.26,UK,38,M,free,1,,44,78.71,0.24
187,2024-01-27,2024-01,organic_search,fall_launch,2.09,US,20,NB,basic,1,,187,625.77,0.95
188,2022-10-24,2022-10,organic_search,spring_promo,1.49,BR,24,F,free,0,2024-05-09,563,67.19,0.88
189,2022-05-18,2022-05,content_marketing,brand_awareness,9.82,US,39,M,basic,0,2022-12-01,197,127.61,0.34
190,2022-10-30,2022-10,referral,fall_launch,17.22,IN,43,F,basic,0,2023-02-11,104,219.78,0.15
191,2022-11-28,2022-11,referral,spring_promo,10.22,UK,46,F,enterprise,1,,612,5103.57,0.02
192,2023-11-01,2023-11,direct,winter_deal,0.19,US,47,M,basic,1,,274,603.36,0.7
193,2022-11-15,2022-11,paid_search,,74.55,UK,41,F,free,0,2023-04-27,163,60.95,0.98
194,2023-01-18,2023-01,affiliate,webinar_series,65.64,FR,60,F,pro,1,,561,1177.97,0.78
195,2023-06-23,2023-06,content_marketing,webinar_series,22.59,US,54,M,pro,1,,405,611.11,0.54
196,2022-06-18,2022-06,direct,webinar_series,1.33,IN,31,F,basic,1,,775,360.56,0.06
197,2022-05-16,2022-05,affiliate,influencer_q2,48.2,FR,47,F,free,0,2023-02-07,267,93.48,0.74
198,2023-08-16,2023-08,paid_search,spring_promo,42.54,JP,22,F,free,1,,351,108.75,0.47
199,2022-10-21,2022-10,affiliate,fall_launch,58.45,IN,64,F,basic,1,,650,326.54,0.86
200,2023-01-22,2023-01,affiliate,summer_sale,54.14,IN,52,M,pro,0,2024-08-01,557,886,0.13
201,2022-08-17,2022-08,organic_search,spring_promo,4.89,DE,61,F,basic,1,,715,244.02,0.46
202,2022-06-08,2022-06,email,winter_deal,14.19,JP,25,M,pro,1,,785,1668.18,0.88
203,2022-09-04,2022-09,referral,summer_sale,7.02,US,46,F,pro,0,2022-10-26,52,899.26,0.24
204,2022-08-11,2022-08,organic_search,fall_launch,2.52,UK,32,F,pro,1,,721,1181,0.67
205,2022-11-25,2022-11,referral,brand_awareness,22.53,IN,51,M,free,0,2023-05-30,186,76.34,0.43
206,2023-05-23,2023-05,organic_search,retargeting,4.71,IN,42,F,free,0,2023-10-29,159,46.99,0.19
207,2023-07-05,2023-07,content_marketing,winter_deal,26.23,UK,63,M,basic,0,2024-09-06,429,642.6,0.56
208,2022-05-18,2022-05,affiliate,winter_deal,32.75,CA,59,M,basic,1,,806,409.24,0.82
209,2022-02-22,2022-02,email,influencer_q1,10.76,BR,20,F,free,1,,891,85.19,0.56
210,2023-05-06,2023-05,referral,retargeting,11.06,US,31,F,enterprise,1,,453,6597.69,0.48
211,2022-09-06,2022-09,referral,influencer_q1,23.3,FR,38,F,basic,1,,695,314,0.27
212,2023-06-10,2023-06,content_marketing,influencer_q2,7.47,JP,48,F,free,0,2024-05-02,327,57.25,0.56
213,2022-08-15,2022-08,social_media,spring_promo,23.04,BR,55,F,free,0,2023-04-14,242,54.19,0.83
214,2023-05-27,2023-05,direct,brand_awareness,2.29,DE,64,F,basic,0,2024-05-28,367,211.4,0.72
215,2023-05-16,2023-05,social_media,webinar_series,59.52,US,51,M,pro,1,,443,1282.23,0.76
216,2023-02-27,2023-02,social_media,,21.57,JP,27,M,basic,1,,521,453.63,0.66
217,2023-09-24,2023-09,content_marketing,,17.2,US,52,F,free,0,2024-07-08,288,68.22,0.29
218,2023-05-30,2023-05,affiliate,fall_launch,25.35,US,51,M,free,0,2024-06-02,369,44.06,0.4
219,2023-01-18,2023-01,affiliate,influencer_q2,48.25,JP,32,M,pro,0,2023-02-26,39,454.64,0.38
220,2023-07-20,2023-07,content_marketing,spring_promo,20.92,JP,28,M,pro,1,,378,797.03,0.97
221,2022-04-08,2022-04,organic_search,winter_deal,1.06,JP,54,M,free,0,2023-01-27,294,100.94,0.56
222,2022-02-03,2022-02,social_media,retargeting,10.78,UK,55,M,pro,1,,910,1657.58,0.3
223,2023-08-01,2023-08,referral,product_hunt,21.69,AU,61,F,free,1,,366,32.6,0.98
224,2024-01-12,2024-01,paid_search,webinar_series,63.45,CA,21,M,free,0,2025-02-28,413,107.2,0.33
225,2023-10-12,2023-10,email,influencer_q2,8.38,CA,53,F,basic,1,,294,476.76,0.09
226,2023-09-26,2023-09,email,winter_deal,11.27,US,35,M,pro,1,,310,1385.1,0.32
227,2022-04-20,2022-04,paid_search,spring_promo,76.29,DE,41,F,free,0,2023-07-12,448,60.4,0.55
228,2023-02-22,2023-02,paid_search,spring_promo,20.83,FR,23,F,pro,1,,526,337.77,0.42
229,2024-03-08,2024-03,paid_search,webinar_series,73.84,UK,54,F,pro,0,2024-12-15,282,753.63,0.49
230,2022-03-06,2022-03,social_media,influencer_q1,23.8,UK,48,F,basic,1,,879,509.29,0.5
231,2023-09-24,2023-09,referral,influencer_q2,7.14,UK,18,F,free,1,,312,92.37,0.33
232,2022-12-09,2022-12,affiliate,,68.71,US,37,M,enterprise,1,,601,2896.59,0.96
233,2022-11-23,2022-11,email,,8.38,BR,33,M,free,1,,617,52.85,0.92
234,2022-07-24,2022-07,social_media,,48.38,US,64,M,pro,1,,739,739.52,0.69
235,2024-04-18,2024-04,affiliate,,44.97,IN,37,M,pro,1,,105,1456.27,0.08
236,2023-09-05,2023-09,content_marketing,product_hunt,15.02,FR,62,M,free,1,,331,83.15,0.81
237,2023-09-01,2023-09,paid_search,summer_sale,64.98,IN,60,M,basic,0,2024-10-21,416,642.08,0.33
238,2024-03-26,2024-03,affiliate,summer_sale,20.53,UK,32,F,basic,1,,128,430.63,0.45
239,2023-02-05,2023-02,content_marketing,,19.71,FR,27,M,free,0,2024-04-12,432,102.85,0.09
240,2024-05-01,2024-05,social_media,retargeting,25.59,DE,31,F,free,0,2025-08-14,470,48.7,0.3
241,2024-04-09,2024-04,paid_search,spring_promo,70.2,IN,24,F,free,1,,114,41.95,0.18
242,2022-06-13,2022-06,direct,webinar_series,1.28,DE,32,F,basic,0,2023-09-05,449,333.61,0.73
243,2022-07-22,2022-07,content_marketing,product_hunt,15.74,US,63,M,free,1,,741,91.64,0.58
244,2024-03-29,2024-03,social_media,retargeting,26.3,DE,25,M,pro,1,,125,1240.32,0.6
245,2023-09-18,2023-09,affiliate,product_hunt,25.71,CA,47,F,pro,1,,318,748.32,0.61
246,2022-03-28,2022-03,social_media,retargeting,15.89,UK,25,M,pro,1,,857,922.26,0.15
247,2023-01-28,2023-01,affiliate,fall_launch,44.33,FR,62,F,enterprise,1,,551,2101.07,0.29
248,2022-07-11,2022-07,direct,influencer_q2,1.86,CA,18,F,free,0,2024-02-13,582,65.49,0.5
249,2023-12-03,2023-12,content_marketing,influencer_q1,22.75,DE,49,M,basic,1,,242,239.09,0.04
250,2022-08-19,2022-08,email,fall_launch,12.15,BR,65,F,basic,1,,713,429.27,0.27
251,2023-07-11,2023-07,direct,webinar_series,2.47,US,64,M,free,0,2024-03-27,260,46.79,0.99
252,2023-04-06,2023-04,email,retargeting,13.21,US,46,F,free,1,,483,38.89,0.73
253,2023-12-07,2023-12,direct,product_hunt,1.9,US,57,M,free,0,2024-02-12,67,71.31,0.53
254,2023-09-04,2023-09,social_media,retargeting,58.95,UK,36,F,enterprise,1,,332,6060.84,0.81
255,2022-05-19,2022-05,affiliate,spring_promo,69.62,IN,26,F,free,0,2023-04-20,336,94.56,0.76
256,2023-11-24,2023-11,affiliate,influencer_q2,27.11,IN,35,F,basic,0,2024-03-05,102,337.54,0.74
257,2023-12-13,2023-12,direct,influencer_q2,2.85,CA,55,M,pro,1,,232,1372.54,0.46
258,2023-11-12,2023-11,direct,summer_sale,2.39,AU,31,NB,pro,1,,263,784.93,0.29
259,2023-07-15,2023-07,social_media,product_hunt,52.62,CA,61,F,free,1,,383,95.3,0.03
260,2024-05-28,2024-05,social_media,influencer_q2,32.83,AU,30,NB,enterprise,1,,65,2830.07,0.87
261,2024-06-16,2024-06,email,summer_sale,10.51,UK,23,M,enterprise,1,,46,3340.24,0.31
262,2023-12-18,2023-12,referral,influencer_q1,18.11,JP,24,M,basic,0,2024-08-12,238,400.5,0.45
263,2022-01-09,2022-01,direct,summer_sale,2.96,AU,62,M,free,0,2022-04-30,111,29.29,0.37
264,2022-11-03,2022-11,social_media,influencer_q1,48.67,US,59,NB,free,0,2022-11-18,15,74.93,0.17
265,2022-12-26,2022-12,referral,,19.97,AU,57,F,pro,0,2023-04-14,109,521.62,0.13
266,2024-01-18,2024-01,affiliate,retargeting,68.16,CA,26,M,basic,0,2024-11-11,298,540.64,0.69
267,2024-05-18,2024-05,email,winter_deal,8.73,FR,30,F,free,0,2025-01-25,252,64.54,0.12
268,2023-05-27,2023-05,paid_search,webinar_series,72.77,US,41,F,free,1,,432,71.15,0.37
269,2023-12-01,2023-12,social_media,influencer_q2,57.72,US,19,F,free,0,2024-02-07,68,105.38,0.4
270,2022-10-21,2022-10,affiliate,influencer_q1,55.09,US,58,F,basic,0,2023-09-10,324,162.67,0.91
271,2024-04-07,2024-04,social_media,webinar_series,26.34,BR,58,F,basic,1,,116,287.49,0.44
272,2024-05-16,2024-05,referral,spring_promo,9.89,AU,25,M,basic,0,2024-11-18,186,184.5,0.7
273,2023-12-20,2023-12,organic_search,fall_launch,2.48,CA,51,F,pro,1,,225,855.49,0.74
274,2024-06-13,2024-06,email,summer_sale,12.03,US,39,F,free,0,2026-01-31,597,76.48,0.5
275,2023-06-08,2023-06,direct,spring_promo,1.5,BR,28,M,free,0,2025-01-22,594,80.67,0.12
276,2024-01-29,2024-01,organic_search,spring_promo,4.29,US,33,M,basic,1,,185,216.64,0.95
277,2022-02-06,2022-02,affiliate,winter_deal,36.09,AU,64,M,pro,1,,907,491.94,0.67
278,2022-02-23,2022-02,social_media,winter_deal,50.22,US,43,M,basic,0,2023-01-14,325,296.74,0.55
279,2022-01-09,2022-01,direct,winter_deal,0.87,UK,65,F,basic,1,,935,386.41,0.77
280,2022-07-20,2022-07,referral,fall_launch,5.13,AU,19,M,free,1,,743,98.95,0.94
281,2022-01-02,2022-01,affiliate,brand_awareness,25.2,FR,33,M,enterprise,1,,942,1968.82,0.28
282,2022-02-14,2022-02,referral,webinar_series,13.26,CA,47,NB,free,0,2022-07-07,143,77.35,0.4
283,2023-08-30,2023-08,organic_search,influencer_q1,3.31,US,33,M,pro,1,,337,885.85,0.83
284,2022-12-01,2022-12,direct,influencer_q2,0.82,US,30,M,pro,0,2023-03-26,115,556.7,0.47
285,2023-02-21,2023-02,paid_search,webinar_series,38.29,UK,46,M,free,0,2023-08-08,168,92.68,0.31
286,2023-12-23,2023-12,organic_search,winter_deal,4.18,CA,27,M,free,0,2025-06-07,532,24.41,0.3
287,2024-04-19,2024-04,social_media,spring_promo,57.6,DE,53,F,free,0,2024-09-16,150,30.93,0.07
288,2024-03-10,2024-03,referral,fall_launch,8.96,AU,41,F,enterprise,1,,144,4365.04,0.91
289,2022-03-18,2022-03,organic_search,summer_sale,0.99,IN,46,F,free,1,,867,92.8,0.13
290,2023-04-18,2023-04,organic_search,fall_launch,4.62,AU,64,M,free,1,,471,35.55,0.22
291,2022-07-11,2022-07,email,brand_awareness,7.8,US,20,F,basic,1,,752,389.4,0.88
292,2023-05-06,2023-05,organic_search,summer_sale,1.4,US,44,M,pro,1,,453,1228.29,0.8
293,2024-03-24,2024-03,organic_search,influencer_q1,3.91,CA,48,F,basic,1,,130,391.29,0.39
294,2022-07-04,2022-07,organic_search,retargeting,2.99,US,35,M,enterprise,1,,759,5340.95,0.99
295,2022-06-13,2022-06,paid_search,winter_deal,57.7,UK,52,F,enterprise,0,2023-01-30,231,4308.74,0.97
296,2023-02-02,2023-02,direct,fall_launch,0.53,BR,38,F,pro,1,,546,360.62,0.7
297,2023-08-05,2023-08,social_media,product_hunt,57.42,DE,52,M,basic,0,2024-04-06,245,444.9,0.03
298,2023-05-05,2023-05,organic_search,retargeting,4.59,UK,26,M,free,1,,454,98.14,0.07
299,2022-06-01,2022-06,social_media,summer_sale,52.32,CA,22,M,enterprise,1,,792,1745.57,0.31
300,2022-05-20,2022-05,social_media,influencer_q1,49.59,DE,59,M,pro,1,,804,1601.02,0.61
301,2023-01-01,2023-01,referral,,16.78,US,42,M,pro,0,2023-01-09,8,1686.25,0.94
302,2023-02-05,2023-02,organic_search,fall_launch,3.01,BR,32,F,free,0,2024-01-17,346,87.08,0.24
303,2022-11-24,2022-11,social_media,,54.27,US,63,F,pro,1,,616,336.41,0.22
304,2023-12-11,2023-12,paid_search,retargeting,31.68,US,64,M,basic,1,,234,643.31,0.88
305,2023-05-20,2023-05,affiliate,retargeting,47.3,US,48,F,basic,1,,439,241.81,0.45
306,2024-03-29,2024-03,organic_search,brand_awareness,0.1,UK,24,M,free,0,2024-06-20,83,69.23,0.89
307,2022-04-06,2022-04,direct,product_hunt,2.96,DE,63,M,enterprise,1,,848,6004.67,0.16
308,2022-04-14,2022-04,direct,winter_deal,2.92,AU,62,F,enterprise,1,,840,4767.23,0.3
309,2022-04-09,2022-04,organic_search,influencer_q1,2.86,DE,27,M,free,0,2023-08-20,498,37.97,0.04
310,2022-06-24,2022-06,email,summer_sale,8.16,US,37,F,basic,1,,769,263.1,0.64
311,2023-02-01,2023-02,social_media,retargeting,54.27,CA,29,M,free,0,2023-09-27,238,95.34,0.56
312,2022-06-04,2022-06,paid_search,summer_sale,58.43,FR,44,NB,basic,1,,789,574.03,0.81
313,2023-03-05,2023-03,content_marketing,product_hunt,27.04,DE,37,M,enterprise,1,,515,3911.35,0.89
314,2024-03-30,2024-03,social_media,summer_sale,57.46,DE,29,F,free,0,2024-10-20,204,31.36,0.42
315,2023-12-01,2023-12,affiliate,winter_deal,69.86,IN,27,F,free,1,,244,102.28,0.08
316,2023-02-02,2023-02,affiliate,webinar_series,36.31,UK,51,M,pro,1,,546,1217.2,0.52
317,2023-03-06,2023-03,paid_search,influencer_q1,24.73,BR,55,F,enterprise,1,,514,1770.43,0.77
318,2024-03-15,2024-03,email,webinar_series,13.44,AU,34,M,basic,1,,139,140.23,0.28
319,2022-05-28,2022-05,affiliate,spring_promo,39.79,CA,62,M,pro,1,,796,1611.73,0.03
320,2024-04-17,2024-04,email,brand_awareness,5.64,DE,62,F,enterprise,1,,106,2822.59,0.74
321,2024-03-03,2024-03,direct,brand_awareness,2.19,BR,59,M,basic,1,,151,339.87,0.48
322,2023-06-13,2023-06,direct,spring_promo,1.55,US,22,M,basic,0,2024-12-07,543,594.84,0.04
323,2022-07-17,2022-07,referral,spring_promo,9.99,DE,21,F,pro,1,,746,1505.85,0.51
324,2023-10-13,2023-10,paid_search,,16.99,CA,49,F,free,1,,293,72.82,0.35
325,2022-06-17,2022-06,email,summer_sale,5.71,AU,21,M,basic,1,,776,582.84,0.64
326,2023-11-25,2023-11,referral,brand_awareness,18.03,FR,19,F,enterprise,1,,250,3760.12,0.14
327,2022-06-27,2022-06,organic_search,winter_deal,1.26,UK,63,NB,basic,1,,766,323.3,0.35
328,2022-09-16,2022-09,referral,influencer_q2,11.04,FR,57,M,free,0,2023-10-11,390,70.53,0.59
329,2022-10-17,2022-10,email,,3.41,US,39,NB,basic,1,,654,261.02,0.71
330,2023-10-30,2023-10,email,winter_deal,3.95,UK,21,F,pro,1,,276,1271.16,0.68
331,2024-01-09,2024-01,organic_search,,2.49,UK,34,F,basic,1,,205,434.83,0.98
332,2024-04-15,2024-04,referral,retargeting,19.53,UK,61,F,pro,1,,108,1287.49,0.51
333,2024-05-15,2024-05,social_media,,53.82,US,36,M,free,0,2025-12-15,579,88.66,0.19
334,2023-11-28,2023-11,direct,,0.27,CA,32,F,free,1,,247,49.82,0.27
335,2022-10-29,2022-10,content_marketing,summer_sale,16.76,IN,55,F,basic,1,,642,225.05,0.13
336,2023-11-29,2023-11,affiliate,webinar_series,34.92,US,27,M,free,0,2025-07-11,590,100.36,0.98
337,2022-05-27,2022-05,direct,fall_launch,2.34,DE,39,F,free,1,,797,20.42,0.28
338,2024-02-19,2024-02,social_media,product_hunt,48.22,DE,23,M,basic,1,,164,351.67,0.48
339,2022-01-05,2022-01,organic_search,webinar_series,1,CA,18,F,pro,1,,939,345.8,0.01
340,2024-01-22,2024-01,referral,winter_deal,18.87,CA,37,M,basic,1,,192,210.19,0.82
341,2022-11-02,2022-11,email,influencer_q2,11.46,BR,51,M,pro,1,,638,813.54,0.89
342,2023-01-03,2023-01,referral,fall_launch,23.96,AU,19,M,pro,0,2023-02-01,29,1169.16,0.18
343,2023-01-11,2023-01,organic_search,influencer_q1,4.38,UK,52,F,basic,0,2023-05-08,117,472.93,0.03
344,2023-12-08,2023-12,paid_search,influencer_q1,43.88,US,53,M,pro,1,,237,1307.47,0.02
345,2023-03-07,2023-03,paid_search,,48.82,BR,56,F,basic,1,,513,396.26,0.62
346,2022-10-17,2022-10,paid_search,summer_sale,47.35,BR,30,F,pro,1,,654,835.41,0.41
347,2022-06-14,2022-06,organic_search,webinar_series,2.48,UK,62,F,free,0,2022-09-20,98,101.62,0.83
348,2023-11-17,2023-11,content_marketing,fall_launch,28.74,FR,22,F,free,0,2024-07-17,243,61.11,0.97
349,2022-09-28,2022-09,content_marketing,spring_promo,7.5,US,20,F,basic,1,,673,350.04,0.12
350,2024-05-21,2024-05,organic_search,spring_promo,4.26,IN,59,M,basic,1,,72,455.78,0.87
351,2022-04-06,2022-04,direct,retargeting,0.55,AU,43,NB,free,0,2023-08-15,496,91.99,0.65
352,2024-03-27,2024-03,social_media,summer_sale,16.63,JP,21,NB,pro,0,2025-08-10,501,1475.26,0.67
353,2022-07-05,2022-07,affiliate,retargeting,50.57,IN,64,NB,free,1,,758,30.16,0.41
354,2022-02-17,2022-02,paid_search,brand_awareness,57.57,US,63,F,basic,1,,896,510.84,0.23
355,2023-11-17,2023-11,direct,webinar_series,1.57,JP,57,M,pro,1,,258,817.88,0.67
356,2023-01-30,2023-01,social_media,webinar_series,54.6,BR,21,M,enterprise,1,,549,3734.16,0.5
357,2022-06-19,2022-06,paid_search,influencer_q2,35.84,CA,35,M,free,1,,774,56.29,0.24
358,2023-04-16,2023-04,content_marketing,product_hunt,16.2,DE,46,M,enterprise,1,,473,1295.95,0.41
359,2022-02-06,2022-02,organic_search,summer_sale,3.96,BR,58,M,basic,0,2023-05-26,474,633.19,0.37
360,2022-02-25,2022-02,referral,influencer_q2,11.64,BR,56,M,pro,1,,888,484.19,0.75
361,2022-08-16,2022-08,organic_search,retargeting,1.78,IN,36,F,basic,0,2023-02-07,175,385.91,0.82
362,2024-01-31,2024-01,affiliate,summer_sale,32.71,UK,30,M,pro,1,,183,1507.36,0.2
363,2022-12-13,2022-12,paid_search,influencer_q1,18.02,IN,61,F,pro,1,,597,1268.18,0.95
364,2022-05-18,2022-05,content_marketing,spring_promo,18.26,US,53,F,pro,1,,806,1052,0.91
365,2022-07-01,2022-07,social_media,fall_launch,15.18,IN,56,F,free,1,,762,57.68,0.61
366,2023-12-11,2023-12,referral,brand_awareness,12.96,CA,36,M,free,0,2025-05-25,531,46.9,0.7
367,2024-05-31,2024-05,direct,webinar_series,1.9,UK,31,F,free,0,2024-10-20,142,108.32,0.65
368,2022-07-02,2022-07,direct,summer_sale,2.28,FR,48,F,enterprise,1,,761,4840.91,0.89
369,2023-07-01,2023-07,email,influencer_q1,12.51,FR,24,M,free,1,,397,37.99,0.75
370,2022-06-14,2022-06,email,,5.26,US,62,F,free,0,2023-06-23,374,93.26,0.11
371,2024-06-07,2024-06,referral,,16.23,UK,50,F,pro,1,,55,1276.87,0.92
372,2023-02-01,2023-02,affiliate,,35.63,FR,21,M,free,1,,547,90.28,0.86
373,2024-04-29,2024-04,referral,,19.09,IN,41,F,basic,1,,94,539.12,0.96
374,2022-10-29,2022-10,content_marketing,fall_launch,29.59,US,29,NB,pro,0,2022-12-16,48,937.05,0.56
375,2022-05-14,2022-05,social_media,product_hunt,52.3,US,39,M,enterprise,0,2023-04-16,337,4423.15,0.77
376,2023-10-03,2023-10,email,influencer_q2,12.27,FR,40,M,pro,1,,303,1698.06,0.52
377,2024-03-16,2024-03,social_media,influencer_q1,37.15,AU,23,M,pro,1,,138,796.74,0.3
378,2024-02-10,2024-02,content_marketing,webinar_series,25.59,IN,18,M,free,0,2024-10-23,256,106.3,0.68
379,2022-11-25,2022-11,affiliate,summer_sale,39.29,FR,64,M,enterprise,1,,615,3224.77,0.8
380,2023-04-02,2023-04,content_marketing,spring_promo,12.41,IN,30,M,free,0,2024-10-10,557,67.99,0.62
381,2022-08-04,2022-08,referral,,13.48,US,31,F,pro,1,,728,1436.3,0.64
382,2022-03-15,2022-03,social_media,spring_promo,32.96,CA,20,M,free,1,,870,70.23,0.57
383,2022-08-22,2022-08,email,influencer_q1,7.04,IN,43,M,free,1,,710,68.14,0.64
384,2023-09-26,2023-09,paid_search,product_hunt,17.96,US,40,F,free,1,,310,47.12,0.09
385,2024-02-23,2024-02,content_marketing,influencer_q1,14.88,IN,19,M,basic,0,2025-04-05,407,550.26,0.84
386,2022-10-30,2022-10,social_media,brand_awareness,43.86,JP,59,M,enterprise,1,,641,4197.38,0.13
387,2022-01-06,2022-01,affiliate,webinar_series,47.38,US,37,M,pro,1,,938,624.9,0.9
388,2024-05-21,2024-05,social_media,fall_launch,19.2,BR,34,M,free,1,,72,96.7,0.84
389,2023-07-17,2023-07,content_marketing,,18.74,UK,60,M,free,1,,381,63.85,0.33
390,2022-05-12,2022-05,referral,summer_sale,10.7,US,30,M,basic,1,,812,285.06,0.58
391,2023-08-03,2023-08,direct,retargeting,2.88,US,18,M,pro,1,,364,1242.81,0.28
392,2023-01-04,2023-01,social_media,,46.65,DE,47,M,pro,1,,575,476.72,0.64
393,2022-03-25,2022-03,email,fall_launch,13.59,UK,34,F,basic,1,,860,601.74,0.84
394,2023-10-09,2023-10,organic_search,product_hunt,2.89,BR,31,F,basic,1,,297,659.31,0.47
395,2024-03-04,2024-03,social_media,retargeting,29.62,BR,64,F,free,0,2024-06-11,99,55.71,0.5
396,2023-11-10,2023-11,referral,product_hunt,18.68,FR,26,M,free,1,,265,79.35,0.96
397,2024-01-24,2024-01,content_marketing,retargeting,6.01,DE,32,M,basic,0,2024-08-29,218,399.66,0.79
398,2023-02-02,2023-02,content_marketing,influencer_q2,27.04,US,59,M,pro,1,,546,1514.69,0.83
399,2022-09-27,2022-09,social_media,influencer_q1,42.68,CA,55,F,pro,1,,674,861.91,0.9
400,2023-06-13,2023-06,affiliate,retargeting,60.86,CA,49,F,pro,0,2023-11-09,149,953.45,0.24
401,2023-06-11,2023-06,email,winter_deal,3.95,US,41,F,pro,1,,417,917.04,0.33
402,2022-04-27,2022-04,content_marketing,,16.97,UK,55,M,pro,0,2022-06-17,51,504.15,0.59
403,2022-05-18,2022-05,organic_search,product_hunt,0.73,US,34,F,basic,1,,806,643.39,0.63
404,2024-06-18,2024-06,email,summer_sale,4.82,BR,48,F,free,1,,44,74.08,0.79
405,2024-04-20,2024-04,social_media,product_hunt,42.98,UK,28,F,free,0,2024-07-06,77,40.68,0.39
406,2022-04-22,2022-04,organic_search,winter_deal,2.61,FR,61,M,free,0,2023-08-29,494,101.14,0.6
407,2024-06-17,2024-06,paid_search,summer_sale,46.35,US,56,F,free,1,,45,81.07,0.43
408,2023-03-07,2023-03,direct,spring_promo,2.09,AU,32,F,basic,1,,513,309.28,0.8
409,2024-02-19,2024-02,paid_search,influencer_q1,23.7,DE,32,F,free,1,,164,68.94,0.26
410,2022-01-06,2022-01,organic_search,product_hunt,2.61,FR,18,M,free,1,,938,56.8,0.11
411,2023-03-13,2023-03,email,brand_awareness,13.11,AU,54,M,free,1,,507,87.95,0.41
412,2024-03-13,2024-03,content_marketing,fall_launch,14.26,FR,48,M,free,0,2025-05-01,414,86.22,0.85
413,2023-11-07,2023-11,paid_search,winter_deal,44.03,JP,28,M,basic,1,,268,552.46,0.61
414,2023-12-02,2023-12,organic_search,fall_launch,1.95,IN,18,F,pro,1,,243,1184.35,0.1
415,2022-09-27,2022-09,referral,retargeting,6.6,US,64,M,enterprise,1,,674,4013.43,0.71
416,2023-09-04,2023-09,organic_search,fall_launch,3.2,DE,18,M,pro,1,,332,731.85,0.04
417,2023-09-06,2023-09,referral,product_hunt,8.39,US,41,M,free,0,2024-06-21,289,90.17,0.36
418,2023-02-09,2023-02,affiliate,product_hunt,30.02,US,65,F,enterprise,1,,539,5121.15,0.56
419,2023-08-20,2023-08,direct,retargeting,2.89,UK,32,F,free,1,,347,71.74,0.27
420,2023-02-21,2023-02,paid_search,webinar_series,19.71,UK,39,F,pro,1,,527,1581.6,0.81
421,2023-08-12,2023-08,email,influencer_q2,14.56,BR,48,F,pro,1,,355,980.74,0.46
422,2023-08-24,2023-08,organic_search,influencer_q2,0.58,US,42,F,enterprise,1,,343,2441.62,0.32
423,2022-12-28,2022-12,organic_search,brand_awareness,1.24,US,43,F,pro,0,2023-07-05,189,1006.24,0.36
424,2023-08-11,2023-08,email,fall_launch,14.31,IN,30,F,free,1,,356,98.55,0.21
425,2022-07-27,2022-07,referral,product_hunt,12.12,US,25,F,pro,1,,736,1203.91,0.76
426,2023-07-09,2023-07,organic_search,influencer_q2,1.86,CA,49,F,pro,1,,389,715.62,0.19
427,2024-02-22,2024-02,email,influencer_q1,4.89,BR,26,M,pro,1,,161,1098.71,0.5
428,2023-02-08,2023-02,social_media,influencer_q2,58.83,JP,51,M,pro,0,2023-09-18,222,866.38,0.11
429,2023-01-06,2023-01,email,fall_launch,9.13,UK,35,M,basic,1,,573,389.34,0.22
430,2023-12-19,2023-12,direct,retargeting,2.56,UK,46,M,free,1,,226,40.57,0.11
431,2022-10-04,2022-10,referral,webinar_series,13.64,AU,30,M,enterprise,1,,667,5550.61,0.18
432,2023-05-27,2023-05,social_media,,35.85,JP,38,F,free,1,,432,71.11,0.4
433,2023-12-09,2023-12,social_media,spring_promo,20.77,UK,48,F,free,1,,236,43.38,0.36
434,2023-07-25,2023-07,email,retargeting,2.26,US,40,F,enterprise,1,,373,4309.83,0.65
435,2022-06-28,2022-06,email,retargeting,6.23,FR,49,F,basic,0,2023-04-24,300,370.43,0.95
436,2024-06-08,2024-06,social_media,,50.39,CA,44,F,basic,1,,54,158.53,0.17
437,2022-08-22,2022-08,direct,retargeting,1.96,JP,35,F,basic,1,,710,541.73,0.93
438,2024-02-05,2024-02,content_marketing,influencer_q1,9.18,US,26,F,pro,1,,178,1329,0.09
439,2022-06-20,2022-06,affiliate,summer_sale,24.78,DE,53,M,pro,1,,773,1754.26,0.11
440,2023-09-25,2023-09,social_media,summer_sale,42.74,AU,37,M,pro,1,,311,502.03,0.53
441,2022-06-24,2022-06,organic_search,spring_promo,3.32,CA,48,M,pro,1,,769,1109.91,0.14
442,2023-12-16,2023-12,social_media,product_hunt,39.88,IN,65,F,basic,1,,229,465.35,0.31
443,2022-12-22,2022-12,content_marketing,webinar_series,10.68,US,46,M,basic,0,2023-01-08,17,120.05,0.81
444,2024-05-18,2024-05,social_media,retargeting,24.34,FR,18,F,basic,1,,75,281.79,0.76
445,2024-03-28,2024-03,email,product_hunt,5.01,US,53,M,basic,1,,126,333.17,0.17
446,2024-01-25,2024-01,affiliate,influencer_q1,31.03,US,45,F,basic,1,,189,451.14,0.69
447,2022-10-06,2022-10,email,,11.66,UK,44,M,free,0,2023-02-03,120,77.32,0.62
448,2022-10-06,2022-10,content_marketing,winter_deal,13.02,US,21,NB,free,1,,665,45.39,0.13
449,2023-03-25,2023-03,organic_search,winter_deal,0.45,US,49,M,basic,1,,495,389.13,0.37
450,2023-12-15,2023-12,organic_search,retargeting,0.4,US,21,M,basic,1,,230,218.07,0.89
451,2022-09-14,2022-09,affiliate,spring_promo,26.1,JP,33,M,enterprise,1,,687,6570.49,0.21
452,2024-01-23,2024-01,paid_search,webinar_series,58.29,UK,48,M,enterprise,1,,191,2056.5,0.72
453,2024-02-02,2024-02,paid_search,brand_awareness,46.28,UK,30,M,free,1,,181,107.59,0.24
454,2023-03-21,2023-03,direct,spring_promo,0.5,UK,55,M,pro,0,2023-05-10,50,1156.75,0.69
455,2023-12-06,2023-12,social_media,retargeting,48.54,UK,28,F,pro,1,,239,1716.3,0.75
456,2022-03-03,2022-03,organic_search,retargeting,3.22,JP,52,F,free,0,2023-10-02,578,90.97,0.75
457,2024-04-04,2024-04,content_marketing,winter_deal,5.53,AU,40,F,free,0,2025-07-03,455,70.31,0.54
458,2023-05-17,2023-05,referral,product_hunt,8.73,CA,38,F,free,1,,442,102.3,0.55
459,2022-03-12,2022-03,social_media,influencer_q2,24.78,UK,52,M,free,1,,873,54.11,0.19
460,2022-01-20,2022-01,direct,product_hunt,0.72,JP,22,F,basic,1,,924,403,0.5
461,2023-07-19,2023-07,social_media,product_hunt,24.16,AU,59,M,free,1,,379,23.94,0.93
462,2022-07-02,2022-07,organic_search,winter_deal,0.54,UK,24,M,basic,1,,761,384.55,0.62
463,2023-08-28,2023-08,email,spring_promo,6.76,BR,63,M,enterprise,1,,339,3853.59,0.88
464,2022-03-23,2022-03,content_marketing,,6.52,FR,65,F,basic,1,,862,502.55,0.82
465,2022-09-30,2022-09,organic_search,summer_sale,4.17,US,31,NB,free,1,,671,67.85,0.2
466,2023-06-23,2023-06,referral,product_hunt,17.51,US,53,F,basic,0,2025-02-09,597,313.3,0.46
467,2023-11-13,2023-11,affiliate,summer_sale,28.34,US,53,M,free,0,2025-02-15,460,104.02,0.89
468,2023-07-18,2023-07,direct,retargeting,1.24,IN,45,F,free,0,2025-02-02,565,39.25,0.76
469,2024-02-02,2024-02,email,retargeting,14.5,DE,43,M,free,0,2024-02-25,23,66.58,0.98
470,2022-11-06,2022-11,organic_search,brand_awareness,4.92,UK,38,M,pro,1,,634,717.38,0.55
471,2023-07-24,2023-07,social_media,summer_sale,11.89,CA,27,M,basic,1,,374,245.82,0.8
472,2022-04-05,2022-04,affiliate,product_hunt,65.89,JP,22,F,pro,0,2023-11-23,597,1500.1,0.1
473,2023-10-20,2023-10,email,spring_promo,11.5,BR,42,M,free,1,,286,51.31,0.81
474,2023-03-03,2023-03,paid_search,winter_deal,63.6,BR,18,F,basic,0,2024-08-27,543,142.24,0.54
475,2022-06-03,2022-06,direct,webinar_series,2.09,US,21,F,enterprise,1,,790,5265.34,0.57
476,2022-04-03,2022-04,referral,influencer_q1,10.8,AU,27,M,free,1,,851,24.44,0.4
477,2022-03-29,2022-03,affiliate,webinar_series,41.72,JP,26,F,basic,0,2023-05-14,411,472.21,0.2
478,2023-09-23,2023-09,referral,winter_deal,6.43,AU,38,F,basic,0,2024-11-26,430,348.71,0.35
479,2022-11-25,2022-11,direct,product_hunt,1.97,UK,28,NB,basic,1,,615,358.79,0.15
480,2022-02-15,2022-02,referral,winter_deal,18.71,US,64,F,free,0,2022-07-23,158,98.19,0.81
481,2022-01-15,2022-01,direct,summer_sale,0.92,DE,19,M,pro,1,,929,1106.85,0.75
482,2023-07-16,2023-07,content_marketing,product_hunt,23.25,US,62,F,free,1,,382,79.72,0.05
483,2022-06-24,2022-06,organic_search,brand_awareness,1,JP,57,M,basic,1,,769,155.96,0.66
484,2023-11-10,2023-11,direct,summer_sale,0.06,IN,42,M,basic,1,,265,173.79,0.32
485,2024-06-06,2024-06,paid_search,fall_launch,27.93,DE,53,F,free,0,2025-12-07,549,47.44,0.49
486,2024-02-02,2024-02,social_media,spring_promo,27.34,CA,40,F,free,1,,181,65.11,0.81
487,2023-10-03,2023-10,email,influencer_q1,13.58,US,53,F,free,0,2024-11-15,409,79.12,0.1
488,2023-01-27,2023-01,referral,influencer_q1,9.81,US,45,NB,enterprise,1,,552,4128.06,0.21
489,2022-05-22,2022-05,referral,fall_launch,11.18,JP,51,F,basic,1,,802,535.83,0.65
490,2023-08-02,2023-08,social_media,retargeting,13.39,FR,64,M,free,1,,365,85.44,0.76
491,2023-02-28,2023-02,affiliate,brand_awareness,42.15,IN,65,M,pro,0,2023-09-12,196,357.73,0.98
492,2023-09-24,2023-09,email,product_hunt,9.37,UK,56,M,pro,1,,312,1310.92,0.48
493,2023-05-30,2023-05,content_marketing,,14.35,AU,49,M,free,0,2024-07-28,425,88.81,0.02
494,2022-10-04,2022-10,affiliate,winter_deal,57.12,UK,31,M,enterprise,1,,667,5882.5,0.49
495,2022-11-29,2022-11,content_marketing,winter_deal,15.69,US,56,F,basic,0,2024-07-13,592,440.66,0.52
496,2024-06-15,2024-06,organic_search,webinar_series,0.55,DE,20,F,free,0,2024-08-01,47,70.19,0.52
497,2023-10-08,2023-10,organic_search,winter_deal,1.46,AU,37,F,free,0,2024-08-11,308,75.18,0.06
498,2023-06-14,2023-06,social_media,influencer_q2,51.49,DE,23,F,free,1,,414,104.41,0.69
499,2022-05-19,2022-05,affiliate,influencer_q1,36.17,US,29,M,pro,1,,805,1590.87,0.1
500,2022-11-28,2022-11,social_media,summer_sale,14.56,JP,46,F,free,1,,612,85.42,0.97
501,2023-09-19,2023-09,social_media,influencer_q1,37.52,US,28,F,basic,1,,317,201.05,0.86
502,2022-07-03,2022-07,organic_search,influencer_q1,1.54,JP,46,M,free,1,,760,106.44,0.01
503,2024-02-23,2024-02,email,spring_promo,7.96,DE,52,F,basic,1,,160,237.11,0.66
504,2023-04-10,2023-04,affiliate,influencer_q2,23.97,BR,18,M,basic,1,,479,421.08,0.82
505,2022-02-20,2022-02,social_media,fall_launch,12.75,CA,20,M,free,1,,893,74.3,0.33
506,2022-03-31,2022-03,organic_search,summer_sale,2.08,US,28,F,basic,1,,854,441.28,0.78
507,2022-07-01,2022-07,content_marketing,product_hunt,14,US,23,F,free,1,,762,93.82,0.75
508,2024-05-13,2024-05,paid_search,brand_awareness,45.6,US,62,F,free,0,2024-12-20,221,82.62,0.61
509,2022-04-22,2022-04,paid_search,influencer_q2,62.06,BR,63,M,basic,0,2023-10-19,545,430.58,0.62
510,2022-05-13,2022-05,content_marketing,webinar_series,23.23,DE,49,F,pro,1,,811,738.3,0.2
511,2022-05-02,2022-05,organic_search,influencer_q2,3.13,US,65,F,pro,1,,822,916.22,0.34
512,2023-07-28,2023-07,referral,spring_promo,17.81,JP,36,M,free,0,2025-02-17,570,49.15,0.02
513,2023-12-04,2023-12,direct,retargeting,1.19,BR,57,NB,pro,0,2024-11-21,353,1648.08,0.48
514,2023-05-01,2023-05,organic_search,,0.68,US,58,M,pro,1,,458,985.96,0.81
515,2024-01-31,2024-01,organic_search,webinar_series,1.5,JP,61,M,basic,0,2025-01-11,346,551.75,0.88
516,2022-12-29,2022-12,paid_search,fall_launch,33.23,US,39,NB,basic,1,,581,428.33,0.39
517,2023-09-02,2023-09,paid_search,brand_awareness,60.84,CA,63,M,basic,1,,334,248.33,0.45
518,2022-11-06,2022-11,referral,webinar_series,11.05,US,41,F,pro,1,,634,959.03,0.03
519,2023-05-10,2023-05,social_media,winter_deal,27.01,DE,64,F,free,0,2023-08-25,107,93.99,0.93
520,2023-11-24,2023-11,social_media,winter_deal,46.23,DE,42,F,basic,0,2024-01-15,52,491.01,0.59
521,2022-03-31,2022-03,direct,influencer_q2,2.67,US,51,F,pro,0,2023-02-20,326,1239.95,0.22
522,2022-07-25,2022-07,referral,brand_awareness,10.53,CA,46,F,free,0,2022-11-26,124,21.37,0.62
523,2023-06-11,2023-06,paid_search,winter_deal,50.26,FR,38,M,enterprise,1,,417,4300.05,0.18
524,2022-11-15,2022-11,direct,webinar_series,1.33,US,19,M,pro,0,2023-01-16,62,444.01,0.39
525,2023-12-23,2023-12,content_marketing,product_hunt,13.89,CA,30,F,pro,1,,222,1722.1,0.75
526,2023-04-22,2023-04,social_media,summer_sale,50.64,JP,47,M,free,1,,467,88.98,0.47
527,2022-08-18,2022-08,social_media,product_hunt,22.9,CA,43,M,enterprise,1,,714,5848.27,0.33
528,2023-05-15,2023-05,organic_search,summer_sale,2.38,CA,48,M,free,1,,444,74.4,0.13
529,2022-04-16,2022-04,affiliate,summer_sale,36.29,IN,22,F,basic,1,,838,343.26,0.62
530,2023-07-16,2023-07,social_media,influencer_q2,29.19,CA,31,F,basic,1,,382,355.09,0.78
531,2023-07-12,2023-07,referral,fall_launch,18.25,US,65,F,basic,1,,386,439.77,0.46
532,2023-07-23,2023-07,paid_search,influencer_q2,26.45,AU,22,F,pro,1,,375,1500.61,0.33
533,2023-10-23,2023-10,organic_search,summer_sale,1.09,US,55,F,basic,0,2024-03-28,157,476.88,0.45
534,2022-10-26,2022-10,affiliate,product_hunt,48.9,UK,31,F,free,1,,645,102.19,0.31
535,2023-03-22,2023-03,direct,summer_sale,1.75,BR,50,M,free,0,2024-04-10,385,101.1,0.96
536,2022-01-01,2022-01,direct,summer_sale,2.58,US,33,M,basic,1,,943,504.36,0.41
537,2023-03-22,2023-03,referral,,8.47,US,30,F,pro,1,,498,920.82,0.29
538,2024-06-12,2024-06,social_media,fall_launch,10.58,IN,19,M,pro,1,,50,1723.96,0.14
539,2022-05-21,2022-05,affiliate,influencer_q2,64.68,JP,56,F,basic,1,,803,349.03,0.81
540,2023-01-29,2023-01,direct,winter_deal,0.56,BR,18,F,pro,1,,550,1042.49,0.41
541,2023-07-14,2023-07,direct,spring_promo,2.93,BR,48,F,free,0,2023-10-10,88,32.79,0.73
542,2024-05-29,2024-05,email,influencer_q2,8.72,FR,57,M,basic,1,,64,638.62,0.09
543,2023-10-11,2023-10,email,product_hunt,2.69,CA,52,F,basic,1,,295,373.39,0.73
544,2023-03-08,2023-03,direct,brand_awareness,0.87,US,62,F,pro,1,,512,1131.74,0.07
545,2023-04-30,2023-04,social_media,product_hunt,12.58,UK,65,F,free,0,2024-10-05,524,26.92,0.78
546,2022-09-16,2022-09,social_media,product_hunt,24.05,UK,18,F,basic,1,,685,519.04,0.66
547,2023-01-14,2023-01,social_media,brand_awareness,49.13,UK,49,M,basic,0,2023-04-17,93,642.37,0.59
548,2024-04-21,2024-04,social_media,influencer_q2,47.64,AU,42,M,basic,1,,102,233.86,0.73
549,2022-12-20,2022-12,organic_search,,1.32,US,21,M,basic,0,2024-06-24,552,246.18,0.68
550,2023-02-04,2023-02,content_marketing,brand_awareness,8.63,AU,18,M,pro,1,,544,774.59,0.53
551,2022-02-12,2022-02,paid_search,webinar_series,56.43,AU,57,F,pro,1,,901,704.61,0.11
552,2023-11-02,2023-11,affiliate,influencer_q2,58.66,JP,33,F,basic,0,2024-10-19,352,485.97,0.98
553,2022-11-17,2022-11,organic_search,,0.04,US,18,M,basic,1,,623,309.82,0.72
554,2022-09-15,2022-09,referral,spring_promo,5.47,US,21,F,pro,1,,686,1688.7,0.64
555,2023-12-27,2023-12,paid_search,summer_sale,70.67,US,42,F,pro,1,,218,1712.72,0.89
556,2023-12-14,2023-12,social_media,brand_awareness,24.73,IN,22,F,enterprise,1,,231,3505.71,0.9
557,2024-02-28,2024-02,direct,brand_awareness,0.49,US,35,F,basic,0,2024-05-06,68,259.45,0.81
558,2022-07-02,2022-07,content_marketing,summer_sale,17.29,UK,57,M,basic,0,2024-01-13,560,535.1,0.22
559,2023-10-21,2023-10,paid_search,influencer_q2,61.5,US,20,M,basic,0,2025-01-26,463,130.13,0.5
560,2023-10-31,2023-10,organic_search,spring_promo,3.32,UK,27,F,enterprise,1,,275,3983.07,0.93
561,2023-05-18,2023-05,content_marketing,influencer_q1,15.1,JP,22,F,free,1,,441,93.62,0.48
562,2023-08-04,2023-08,direct,retargeting,2.05,AU,21,F,enterprise,1,,363,4086.98,0.95
563,2022-03-24,2022-03,content_marketing,brand_awareness,21.19,US,53,M,basic,0,2023-05-04,406,604.09,0.63
564,2023-01-03,2023-01,content_marketing,summer_sale,27.13,DE,65,M,free,0,2023-09-11,251,64.03,0.07
565,2023-07-08,2023-07,email,influencer_q2,8.94,DE,19,M,free,1,,390,23.85,0.13
566,2024-04-06,2024-04,content_marketing,,26.76,FR,27,F,free,0,2024-09-04,151,64,0.03
567,2023-09-26,2023-09,organic_search,winter_deal,3.51,US,18,M,free,0,2024-01-10,106,61.06,0.18
568,2023-08-29,2023-08,paid_search,summer_sale,22.42,BR,57,M,pro,1,,338,1488.59,0.97
569,2023-11-26,2023-11,affiliate,retargeting,26.04,IN,54,F,free,1,,249,39.19,0.05
570,2022-06-27,2022-06,direct,summer_sale,0.36,US,44,M,basic,0,2023-03-10,256,619.86,0.05
571,2022-04-13,2022-04,affiliate,fall_launch,20.78,DE,23,M,free,0,2023-02-04,297,57.46,0.8
572,2024-03-02,2024-03,content_marketing,fall_launch,10.15,IN,35,F,basic,1,,152,449.69,0.05
573,2022-07-04,2022-07,content_marketing,product_hunt,28.76,IN,37,M,free,0,2022-11-08,127,108.79,0.97
574,2023-09-26,2023-09,direct,webinar_series,1.52,DE,58,F,free,0,2024-03-03,159,81.67,0.96
575,2023-05-01,2023-05,content_marketing,fall_launch,8.99,US,21,F,free,0,2024-04-14,349,75.51,0.88
576,2023-04-10,2023-04,organic_search,summer_sale,3.7,FR,29,M,free,0,2023-06-28,79,100.56,0.72
577,2023-08-30,2023-08,direct,influencer_q1,0.6,IN,38,M,free,0,2024-05-05,249,86.4,0.86
578,2023-01-20,2023-01,referral,summer_sale,14.42,DE,21,F,free,1,,559,60.95,0.39
579,2022-05-20,2022-05,content_marketing,winter_deal,20.8,UK,30,M,free,1,,804,45.25,0.12
580,2023-04-22,2023-04,content_marketing,influencer_q1,9.28,CA,32,F,basic,1,,467,464.52,0.61
581,2022-06-24,2022-06,referral,summer_sale,13.23,FR,49,F,free,0,2023-10-17,480,45.13,0.73
582,2024-01-24,2024-01,referral,winter_deal,11.55,BR,32,F,basic,0,2025-09-09,594,605.06,0.42
583,2022-02-15,2022-02,organic_search,influencer_q2,3.67,FR,20,M,basic,1,,898,496.19,0.11
584,2023-05-23,2023-05,referral,summer_sale,16.17,US,62,F,enterprise,1,,436,2797.27,0.64
585,2022-04-03,2022-04,organic_search,influencer_q2,3.35,US,63,M,basic,1,,851,647.27,0.46
586,2022-05-22,2022-05,affiliate,fall_launch,59.49,CA,58,M,basic,1,,802,158.18,0.89
587,2022-12-07,2022-12,organic_search,brand_awareness,2.13,UK,62,F,basic,1,,603,545.35,0.09
588,2022-12-10,2022-12,organic_search,webinar_series,4.73,IN,41,F,free,0,2023-01-27,48,52.9,0.18
589,2023-07-27,2023-07,paid_search,webinar_series,61.11,UK,26,NB,free,0,2024-12-04,496,86.36,0.75
590,2024-06-11,2024-06,referral,winter_deal,11.41,UK,50,F,free,0,2025-06-06,360,60.72,0.5
591,2024-04-29,2024-04,paid_search,influencer_q2,61.14,IN,52,F,basic,1,,94,483.59,0.69
592,2022-03-09,2022-03,referral,influencer_q2,6.75,AU,29,M,enterprise,1,,876,2690.09,0.69
593,2023-05-24,2023-05,social_media,winter_deal,36.03,IN,19,M,enterprise,1,,435,1912.95,0.35
594,2023-03-31,2023-03,organic_search,brand_awareness,0.95,US,32,F,basic,0,2024-11-19,599,305.11,0.64
595,2022-12-01,2022-12,content_marketing,product_hunt,21.65,FR,53,M,free,0,2023-10-17,320,35.46,0.26
596,2023-05-11,2023-05,direct,brand_awareness,2.31,US,27,M,basic,0,2023-10-29,171,504.38,0.29
597,2022-06-29,2022-06,social_media,fall_launch,21.9,US,38,F,basic,1,,764,230.78,0.7
598,2023-11-13,2023-11,direct,retargeting,0.44,DE,52,NB,basic,0,2023-12-15,32,338.46,0.5
599,2022-05-29,2022-05,content_marketing,retargeting,8.9,JP,52,NB,free,1,,795,62.65,0.29
600,2024-02-12,2024-02,social_media,product_hunt,46.43,DE,39,F,pro,1,,171,520.77,0.55
601,2022-11-12,2022-11,organic_search,influencer_q1,3.09,UK,46,M,free,1,,628,37.56,0.53
602,2024-03-11,2024-03,email,winter_deal,2.29,FR,46,F,enterprise,1,,143,3329.89,0.49
603,2023-09-10,2023-09,organic_search,,1.81,US,63,F,basic,1,,326,273.71,0.35
604,2023-04-02,2023-04,paid_search,winter_deal,62.31,DE,65,NB,pro,1,,487,1480.17,0.96
605,2023-03-11,2023-03,affiliate,fall_launch,61.78,BR,23,M,free,1,,509,67.28,0.34
606,2023-08-28,2023-08,affiliate,summer_sale,20.33,IN,35,M,basic,1,,339,527.83,0.14
607,2022-07-10,2022-07,affiliate,brand_awareness,47.69,US,37,F,free,1,,753,61.71,0.04
608,2022-01-03,2022-01,social_media,brand_awareness,25.01,IN,58,M,pro,1,,941,920.71,0.49
609,2023-12-06,2023-12,referral,spring_promo,7.39,UK,49,NB,free,1,,239,72.3,0.56
610,2024-06-08,2024-06,email,,10.92,JP,25,M,pro,0,2025-03-07,272,554.5,0.07
611,2022-11-24,2022-11,content_marketing,fall_launch,13.93,US,35,M,basic,1,,616,146.31,0.3
612,2023-10-17,2023-10,paid_search,webinar_series,27.6,IN,29,F,basic,0,2024-09-18,337,591.12,0.82
613,2023-12-03,2023-12,email,brand_awareness,10.91,JP,41,M,basic,1,,242,126.96,0.52
614,2023-01-17,2023-01,content_marketing,influencer_q1,13.51,US,24,M,basic,1,,562,549.36,0.56
615,2023-12-08,2023-12,paid_search,influencer_q1,44.93,US,25,F,enterprise,1,,237,2882.5,0.37
616,2024-04-16,2024-04,content_marketing,product_hunt,18.08,CA,29,F,free,1,,107,40.01,0.85
617,2022-05-26,2022-05,referral,brand_awareness,7.51,US,23,M,pro,0,2022-06-21,26,1435.56,0.75
618,2022-02-13,2022-02,referral,summer_sale,5.66,IN,50,F,basic,1,,900,143.37,0.31
619,2022-01-11,2022-01,paid_search,summer_sale,74.81,UK,55,F,free,0,2022-04-20,99,33.1,0.74
620,2022-10-12,2022-10,direct,retargeting,0.48,FR,64,F,basic,0,2024-06-02,599,532.15,0.53
621,2024-01-03,2024-01,referral,brand_awareness,8.44,FR,18,NB,free,0,2025-06-09,523,96.62,0.48
622,2023-12-16,2023-12,social_media,influencer_q2,43.68,US,29,F,enterprise,1,,229,3976.96,0.41
623,2024-02-19,2024-02,direct,summer_sale,1.4,FR,26,F,basic,0,2024-04-07,48,164.41,0.49
624,2023-01-30,2023-01,email,influencer_q2,9.81,UK,61,NB,basic,1,,549,276.92,0.85
625,2022-07-13,2022-07,paid_search,influencer_q2,76.04,CA,29,M,pro,1,,750,890.77,0.52
626,2023-11-24,2023-11,paid_search,summer_sale,24.32,AU,62,F,free,1,,251,108.01,0.07
627,2022-07-23,2022-07,direct,winter_deal,1.78,AU,25,M,basic,1,,740,533,0.76
628,2023-08-31,2023-08,email,,14.26,CA,48,F,enterprise,1,,336,3961.64,0.15
629,2023-04-11,2023-04,paid_search,summer_sale,31.29,DE,32,F,free,0,2023-06-11,61,94.73,0.5
630,2022-01-28,2022-01,social_media,influencer_q1,40.23,CA,27,M,basic,1,,916,476.98,0.52
631,2023-05-20,2023-05,content_marketing,winter_deal,12.34,DE,49,F,basic,1,,439,411.89,0.03
632,2024-02-22,2024-02,organic_search,influencer_q1,4.4,US,42,M,pro,1,,161,371.81,0.18
633,2023-11-07,2023-11,email,fall_launch,8.39,US,37,F,basic,0,2025-03-30,509,476.44,0.68
634,2023-08-09,2023-08,content_marketing,influencer_q2,19.06,US,50,M,free,1,,358,54,0.67
635,2024-02-24,2024-02,email,retargeting,2.8,BR,20,M,basic,1,,159,435.34,0.76
636,2023-10-03,2023-10,direct,influencer_q1,0.29,CA,40,M,free,0,2024-06-06,247,78.33,0.59
637,2023-12-06,2023-12,paid_search,brand_awareness,22.44,US,19,F,free,1,,239,58.02,0.51
638,2023-03-08,2023-03,email,spring_promo,11.05,BR,19,NB,basic,1,,512,429.17,0.8
639,2022-04-13,2022-04,referral,retargeting,14.93,IN,39,M,free,1,,841,38.16,0.63
640,2024-03-17,2024-03,paid_search,webinar_series,28.92,UK,21,M,basic,1,,137,457.27,0.95
641,2024-01-05,2024-01,paid_search,product_hunt,36.89,US,54,F,basic,0,2024-03-30,85,471.83,0.31
642,2024-04-03,2024-04,email,influencer_q1,10.62,CA,30,M,free,0,2025-10-22,567,36.25,0.03
643,2023-12-22,2023-12,social_media,product_hunt,34.96,IN,65,F,free,1,,223,92.8,0.85
644,2023-03-21,2023-03,organic_search,webinar_series,1,DE,27,M,pro,1,,499,1535.54,0.41
645,2024-05-30,2024-05,paid_search,,28.23,AU,35,F,basic,0,2025-02-02,248,339.17,0.12
646,2022-07-16,2022-07,organic_search,winter_deal,3.99,UK,47,F,enterprise,1,,747,6090.54,0.21
647,2022-10-07,2022-10,social_media,spring_promo,22.92,UK,60,F,basic,0,2024-02-23,504,542.41,0.06
648,2022-03-27,2022-03,direct,product_hunt,0.89,US,44,F,pro,1,,858,891.53,0.83
649,2024-05-12,2024-05,social_media,winter_deal,15.6,JP,50,F,basic,1,,81,632.82,0.92
650,2022-09-15,2022-09,content_marketing,summer_sale,10.95,US,38,M,basic,1,,686,524.12,0.24
651,2023-03-10,2023-03,referral,fall_launch,7.14,UK,35,M,free,1,,510,64.13,0.38
652,2022-04-26,2022-04,direct,webinar_series,1.27,IN,33,NB,pro,1,,828,842.72,0.71
653,2024-04-21,2024-04,email,spring_promo,10.39,BR,20,F,pro,1,,102,1314.58,0.78
654,2022-09-03,2022-09,email,webinar_series,7,IN,62,M,pro,0,2023-05-10,249,1555.01,0.39
655,2023-02-07,2023-02,email,brand_awareness,3.17,UK,37,M,pro,1,,541,1229.15,0.87
656,2024-02-25,2024-02,affiliate,spring_promo,33.7,US,49,M,basic,1,,158,507.39,0.87
657,2024-04-19,2024-04,paid_search,fall_launch,60.4,FR,22,M,basic,1,,104,518.4,0.45
658,2022-01-29,2022-01,organic_search,,3.21,IN,46,F,free,0,2022-12-14,319,48.23,0.09
659,2022-06-11,2022-06,referral,webinar_series,19.27,IN,26,F,pro,1,,782,779.93,0.48
660,2024-01-23,2024-01,social_media,brand_awareness,18.67,BR,38,F,free,0,2024-08-03,193,55.41,0.38
661,2024-05-04,2024-05,referral,spring_promo,23.96,FR,59,F,free,0,2025-08-27,480,37.84,0.7
662,2022-06-22,2022-06,organic_search,influencer_q1,3.09,BR,34,M,enterprise,1,,771,4263.11,0.02
663,2023-06-23,2023-06,affiliate,influencer_q2,61.36,DE,25,M,free,1,,405,93.21,0.27
664,2024-02-04,2024-02,content_marketing,influencer_q1,8.25,UK,56,M,pro,1,,179,592.68,0.19
665,2024-03-22,2024-03,social_media,spring_promo,24.51,UK,33,F,enterprise,1,,132,4895.04,0.46
666,2022-01-11,2022-01,content_marketing,fall_launch,26.79,JP,43,F,pro,1,,933,1379.99,0.26
667,2022-04-08,2022-04,organic_search,spring_promo,1.66,UK,48,F,enterprise,1,,846,6422.93,0.6
668,2024-02-06,2024-02,organic_search,spring_promo,1.27,BR,42,M,basic,1,,177,642.75,0.56
669,2023-08-18,2023-08,social_media,brand_awareness,18.49,DE,39,F,free,0,2025-02-18,550,58.96,0.27
670,2022-11-17,2022-11,organic_search,fall_launch,2.5,UK,65,M,basic,1,,623,262.14,0.82
671,2022-09-28,2022-09,direct,influencer_q1,2.68,CA,65,NB,pro,0,2023-12-29,457,396.64,0.16
672,2022-08-24,2022-08,social_media,spring_promo,33.51,US,63,M,free,1,,708,64.54,0.44
673,2023-12-28,2023-12,content_marketing,influencer_q2,17.32,JP,27,M,free,1,,217,36.26,0.17
674,2023-06-05,2023-06,email,product_hunt,13.58,BR,31,F,enterprise,1,,423,4282.25,0.42
675,2022-03-20,2022-03,referral,influencer_q2,18.54,CA,19,M,enterprise,1,,865,3217.21,0.92
676,2022-04-19,2022-04,direct,fall_launch,0.09,DE,63,F,basic,1,,835,440.87,0.02
677,2022-02-14,2022-02,content_marketing,retargeting,28.69,JP,54,M,pro,1,,899,727.45,0.79
678,2024-02-01,2024-02,paid_search,webinar_series,76.87,AU,23,M,free,1,,182,97.9,0.1
679,2024-05-22,2024-05,referral,fall_launch,12.77,AU,36,F,enterprise,1,,71,2812.15,0.8
680,2024-01-24,2024-01,email,,9.85,CA,60,M,basic,0,2025-05-01,463,598.12,0.48
681,2023-07-31,2023-07,affiliate,summer_sale,57.82,CA,57,M,basic,0,2025-01-13,532,304.54,0.46
682,2022-08-18,2022-08,social_media,influencer_q2,36.36,IN,51,M,basic,0,2023-12-27,496,282.21,0.97
683,2023-12-02,2023-12,email,winter_deal,8.8,UK,54,M,free,0,2024-03-28,117,65.96,0.41
684,2023-04-21,2023-04,email,retargeting,5.31,US,50,M,pro,1,,468,1452.1,0.84
685,2022-02-16,2022-02,paid_search,influencer_q1,71.99,UK,38,F,basic,1,,897,456.86,0.27
686,2024-06-11,2024-06,social_media,winter_deal,19.25,JP,56,M,pro,1,,51,345.8,0.4
687,2022-01-14,2022-01,social_media,,33.86,JP,43,F,enterprise,1,,930,3828.3,0.62
688,2023-09-24,2023-09,direct,,2.89,IN,43,F,free,0,2024-04-13,202,30.07,0.03
689,2022-07-12,2022-07,organic_search,winter_deal,2.41,US,59,M,pro,1,,751,1095.56,0.09
690,2024-02-28,2024-02,content_marketing,fall_launch,16.85,US,25,M,free,1,,155,106.75,0.47
691,2024-05-30,2024-05,content_marketing,product_hunt,11.07,UK,54,F,basic,0,2024-09-19,112,460.42,0.71
692,2023-03-02,2023-03,content_marketing,product_hunt,19.9,FR,36,M,basic,1,,518,511.29,0.93
693,2024-04-16,2024-04,content_marketing,winter_deal,22.86,FR,19,M,free,0,2025-06-24,434,100.02,0.12
694,2023-09-30,2023-09,direct,influencer_q2,2.09,US,28,M,free,0,2024-05-31,244,65.69,0.59
695,2023-12-03,2023-12,direct,product_hunt,2.56,JP,60,M,pro,1,,242,882.13,0.42
696,2023-11-21,2023-11,direct,influencer_q2,2.4,US,57,M,pro,0,2025-04-05,501,505.9,0.21
697,2023-09-13,2023-09,content_marketing,summer_sale,24.84,DE,37,M,basic,1,,323,313.74,0.27
698,2023-11-25,2023-11,social_media,fall_launch,51.4,FR,20,F,free,0,2024-07-21,239,30.86,0.23
699,2022-09-22,2022-09,direct,retargeting,2.31,FR,35,F,pro,1,,679,1190.18,0.11
700,2022-02-21,2022-02,content_marketing,influencer_q2,29.07,US,24,F,basic,1,,892,175.01,0.56
701,2023-06-04,2023-06,paid_search,fall_launch,55.95,UK,41,M,free,0,2024-11-10,525,64.86,0.86
702,2022-06-07,2022-06,direct,retargeting,2.46,US,30,M,basic,1,,786,252.47,0.8
703,2022-12-16,2022-12,email,webinar_series,4.23,UK,41,F,basic,1,,594,252.54,0.75
704,2023-06-27,2023-06,affiliate,winter_deal,26.9,AU,44,F,pro,1,,401,1063.26,0.68
705,2022-01-31,2022-01,content_marketing,fall_launch,24.25,JP,51,F,free,0,2022-07-25,175,59.07,0.4
706,2022-02-07,2022-02,social_media,product_hunt,12.89,IN,63,F,pro,1,,906,923.8,0.88
707,2023-12-19,2023-12,email,retargeting,13.82,US,35,F,basic,0,2025-02-11,420,360.94,0.21
708,2023-07-12,2023-07,content_marketing,retargeting,27.19,IN,43,F,pro,0,2025-01-19,557,801.67,0.72
709,2024-01-28,2024-01,social_media,webinar_series,59.6,UK,31,M,basic,1,,186,528.81,0.17
710,2022-01-29,2022-01,email,winter_deal,12.82,UK,64,M,basic,1,,915,574.46,0.26
711,2023-06-04,2023-06,direct,summer_sale,0.14,IN,25,M,basic,0,2024-05-23,354,650.79,0.8
712,2023-08-19,2023-08,referral,retargeting,10.98,IN,63,F,free,0,2024-05-05,260,29.47,0.52
713,2022-07-17,2022-07,direct,influencer_q2,0.29,JP,45,F,free,0,2022-12-04,140,62.86,0.45
714,2023-01-14,2023-01,affiliate,product_hunt,47.95,AU,34,F,basic,1,,565,492.07,0.94
715,2024-01-20,2024-01,affiliate,fall_launch,27.22,US,49,F,free,1,,194,97.69,0.13
716,2022-08-06,2022-08,content_marketing,influencer_q2,5.82,US,53,M,enterprise,1,,726,3406.55,0.13
717,2023-08-09,2023-08,email,spring_promo,8.8,US,41,M,basic,0,2023-09-13,35,547.25,0.15
718,2023-08-27,2023-08,affiliate,spring_promo,66.84,UK,36,M,pro,1,,340,496.15,0.35
719,2024-06-10,2024-06,organic_search,influencer_q1,2.41,UK,54,M,free,0,2024-10-30,142,88.58,0.5
720,2023-04-17,2023-04,content_marketing,,16.23,JP,38,M,basic,1,,472,329.11,0.89
721,2022-12-14,2022-12,organic_search,,4.45,JP,35,F,pro,1,,596,1143.67,0.79
722,2023-12-26,2023-12,email,webinar_series,10.39,IN,53,M,enterprise,1,,219,5291.12,0.95
723,2023-06-19,2023-06,referral,influencer_q2,15.05,US,25,F,basic,1,,409,268.48,0.21
724,2024-04-29,2024-04,content_marketing,summer_sale,25.17,BR,38,M,free,1,,94,22.09,0.44
725,2023-03-01,2023-03,organic_search,webinar_series,1.59,UK,23,M,free,0,2023-08-02,154,36.44,0.76
726,2022-06-07,2022-06,email,influencer_q1,10.82,US,57,NB,free,1,,786,46.82,0.11
727,2022-05-26,2022-05,affiliate,retargeting,32.9,US,21,M,pro,1,,798,1029.89,0.75
728,2023-01-30,2023-01,paid_search,brand_awareness,18.94,DE,53,M,basic,1,,549,246.22,0.88
729,2022-10-03,2022-10,paid_search,winter_deal,64.59,IN,26,M,basic,0,2024-03-05,519,229.87,0.96
730,2023-01-18,2023-01,social_media,winter_deal,36.88,AU,53,M,free,0,2023-11-17,303,78.78,0.17
731,2022-03-03,2022-03,content_marketing,brand_awareness,19.95,IN,42,NB,pro,1,,882,1530.59,0.29
732,2022-06-15,2022-06,paid_search,brand_awareness,20.83,JP,25,F,pro,1,,778,1584.72,0.22
733,2023-06-01,2023-06,direct,,2.84,IN,34,NB,pro,1,,427,1273.68,0.33
734,2022-08-04,2022-08,content_marketing,product_hunt,13.21,JP,26,F,free,0,2022-08-20,16,80.54,0.41
735,2023-12-15,2023-12,content_marketing,influencer_q1,18.45,IN,59,M,free,1,,230,80.45,0.67
736,2022-12-28,2022-12,affiliate,product_hunt,37.9,US,62,NB,free,0,2023-07-20,204,60.01,0.23
737,2022-01-21,2022-01,email,,13.98,CA,30,M,basic,0,2022-09-11,233,246.5,0.49
738,2023-01-07,2023-01,organic_search,brand_awareness,2.46,JP,63,F,free,1,,572,77.46,0.12
739,2022-10-12,2022-10,content_marketing,fall_launch,18.79,IN,65,F,pro,1,,659,414.12,0.14
740,2022-03-08,2022-03,social_media,brand_awareness,56.68,UK,51,F,free,1,,877,22.08,0.96
741,2023-11-26,2023-11,email,,9.28,DE,18,F,basic,1,,249,148.01,0.93
742,2023-03-19,2023-03,affiliate,brand_awareness,26.09,FR,47,F,basic,0,2023-11-10,236,145.36,0.91
743,2023-06-30,2023-06,content_marketing,retargeting,5.13,UK,39,M,basic,0,2024-02-23,238,648.17,0.43
744,2022-03-18,2022-03,referral,winter_deal,8.29,UK,22,F,free,0,2022-04-18,31,73.33,0.62
745,2022-12-09,2022-12,email,winter_deal,3.4,UK,39,F,pro,1,,601,660.91,0.08
746,2023-09-07,2023-09,content_marketing,summer_sale,20.63,BR,25,M,free,0,2024-07-30,327,100.11,0.69
747,2024-03-12,2024-03,social_media,spring_promo,55.96,DE,21,M,basic,0,2024-05-15,64,422,0.3
748,2023-01-26,2023-01,affiliate,summer_sale,50.87,AU,32,F,pro,1,,553,972.91,0.46
749,2023-03-15,2023-03,paid_search,retargeting,57.31,IN,19,M,free,0,2023-07-05,112,21.11,0.71
750,2023-08-31,2023-08,referral,product_hunt,7.52,FR,34,M,basic,1,,336,220.4,0.14
751,2022-02-15,2022-02,organic_search,fall_launch,1.56,AU,50,F,pro,1,,898,1594.72,0.77
752,2022-05-31,2022-05,content_marketing,brand_awareness,20.08,UK,41,NB,basic,1,,793,198.08,0.24
753,2024-04-18,2024-04,organic_search,influencer_q1,1.72,UK,58,F,pro,1,,105,1281.72,0.69
754,2023-04-24,2023-04,direct,product_hunt,1.7,CA,57,M,free,0,2023-06-13,50,64.63,0.91
755,2023-10-17,2023-10,referral,winter_deal,14.33,UK,33,F,pro,1,,289,1482.47,0.38
756,2023-02-14,2023-02,social_media,spring_promo,28.14,US,40,M,free,0,2023-09-08,206,76.82,0.9
757,2023-01-04,2023-01,organic_search,spring_promo,1,UK,29,M,free,0,2024-07-31,574,42.14,0.2
758,2022-06-30,2022-06,email,summer_sale,2.27,IN,26,M,pro,0,2023-02-07,222,759.3,0.25
759,2024-04-08,2024-04,direct,,0.51,FR,57,F,pro,0,2024-09-09,154,1591.12,0.14
760,2022-07-14,2022-07,referral,webinar_series,12.56,CA,38,F,enterprise,1,,749,1449.45,0.61
761,2022-07-13,2022-07,email,fall_launch,6.26,US,58,F,pro,1,,750,1714.47,0.88
762,2022-08-03,2022-08,paid_search,influencer_q2,66.41,BR,22,M,basic,1,,729,525.61,0.38
763,2023-06-16,2023-06,content_marketing,fall_launch,13.05,CA,51,F,pro,1,,412,706.4,0.4
764,2024-03-20,2024-03,organic_search,winter_deal,1.1,UK,46,F,basic,0,2025-04-17,393,428.54,0.93
765,2023-01-19,2023-01,email,webinar_series,3.1,US,36,M,basic,1,,560,371.24,0.62
766,2023-03-13,2023-03,content_marketing,influencer_q2,15.81,CA,49,M,basic,0,2023-11-14,246,263.44,0.08
767,2022-03-26,2022-03,email,webinar_series,8.67,IN,23,F,enterprise,1,,859,1585.28,0.05
768,2022-07-25,2022-07,direct,winter_deal,2.03,UK,37,F,pro,1,,738,594.53,0.6
769,2022-05-22,2022-05,email,spring_promo,12.01,UK,40,F,basic,1,,802,433.18,0.65
770,2023-04-29,2023-04,social_media,influencer_q1,21.38,JP,65,M,free,1,,460,69.74,0.47
771,2024-04-13,2024-04,content_marketing,retargeting,24.8,CA,30,M,enterprise,1,,110,3568.88,0.85
772,2022-01-31,2022-01,direct,fall_launch,1.73,US,37,F,free,1,,913,95.09,0.34
773,2023-03-06,2023-03,affiliate,,57.63,JP,52,M,basic,1,,514,137.39,0.15
774,2022-12-05,2022-12,affiliate,influencer_q1,30.21,AU,22,F,free,0,2024-07-17,590,106.57,0.64
775,2022-11-08,2022-11,paid_search,fall_launch,21.78,FR,29,M,pro,1,,632,588.84,0.08
776,2023-01-31,2023-01,email,winter_deal,5.03,IN,51,M,free,0,2023-08-01,182,49.41,0.9
777,2023-02-05,2023-02,social_media,summer_sale,16.46,AU,48,F,basic,1,,543,231.5,0.86
778,2022-11-14,2022-11,affiliate,,43.74,BR,54,F,basic,1,,626,489.81,0.28
779,2022-01-08,2022-01,social_media,influencer_q2,13.2,AU,56,F,basic,1,,936,594.79,0.46
780,2023-08-13,2023-08,organic_search,summer_sale,1.44,DE,40,F,pro,1,,354,1202.76,0.8
781,2022-06-29,2022-06,affiliate,winter_deal,28.98,BR,64,M,basic,1,,764,497.2,0.1
782,2023-12-17,2023-12,organic_search,winter_deal,4.43,US,35,F,basic,1,,228,156.04,0.72
783,2022-08-11,2022-08,content_marketing,influencer_q1,29.81,FR,25,NB,free,0,2023-07-17,340,56.91,0.17
784,2022-08-01,2022-08,organic_search,influencer_q2,0.13,IN,62,F,basic,0,2023-09-20,415,582.12,0.4
785,2022-01-11,2022-01,email,summer_sale,11.22,US,38,F,basic,1,,933,164.58,0.65
786,2024-01-01,2024-01,content_marketing,fall_launch,16.77,UK,28,M,free,0,2024-11-04,308,31.17,0.74
787,2022-06-22,2022-06,paid_search,,64.63,IN,35,M,basic,0,2022-08-03,42,602.05,0.53
788,2023-03-29,2023-03,organic_search,,4.06,IN,60,F,pro,1,,491,763.99,0.06
789,2022-01-05,2022-01,organic_search,influencer_q1,3.84,UK,41,F,free,0,2022-02-09,35,109.04,0.34
790,2022-07-16,2022-07,paid_search,winter_deal,77.32,US,60,M,free,0,2022-11-10,117,93.41,0.33
791,2023-10-04,2023-10,referral,product_hunt,9.14,FR,43,F,free,0,2024-10-10,372,49.1,0.02
792,2023-11-01,2023-11,direct,spring_promo,1.17,DE,32,M,pro,1,,274,851.33,0.08
793,2022-08-12,2022-08,affiliate,brand_awareness,58.38,DE,24,F,pro,1,,720,1139.66,0.26
794,2022-04-08,2022-04,direct,,2.09,IN,62,M,free,1,,846,81.89,0.97
795,2023-11-14,2023-11,content_marketing,summer_sale,13.38,BR,55,M,basic,1,,261,391.85,0.7
796,2022-01-14,2022-01,referral,spring_promo,17.33,US,37,M,basic,0,2022-04-12,88,152.36,0.38
797,2022-10-31,2022-10,referral,fall_launch,12.51,IN,20,M,pro,1,,640,958.97,0.87
798,2022-05-18,2022-05,email,retargeting,10.37,US,51,F,basic,1,,806,525.3,0.23
799,2024-01-21,2024-01,direct,retargeting,0.73,FR,21,F,pro,1,,193,1309.78,0.72
800,2023-09-15,2023-09,affiliate,webinar_series,36.08,DE,58,M,pro,0,2024-04-06,204,395.03,0.98
801,2022-07-29,2022-07,social_media,summer_sale,18.68,FR,31,M,free,1,,734,48.03,0.72
802,2022-09-08,2022-09,affiliate,fall_launch,50.29,UK,36,F,enterprise,1,,693,5857.1,0.48
803,2023-01-04,2023-01,affiliate,influencer_q1,28.39,DE,45,F,pro,1,,575,1500.23,0.79
804,2022-01-21,2022-01,affiliate,influencer_q1,62.7,UK,56,F,basic,0,2023-02-21,396,370.37,0.45
805,2023-01-20,2023-01,content_marketing,summer_sale,13.33,JP,48,M,enterprise,0,2024-06-22,519,5143.99,0.38
806,2023-02-19,2023-02,affiliate,influencer_q1,68.52,CA,42,F,basic,1,,529,340.75,0.05
807,2022-05-08,2022-05,affiliate,product_hunt,28.12,AU,34,F,pro,1,,816,1341.14,0.63
808,2023-01-13,2023-01,organic_search,,1.93,AU,65,M,basic,1,,566,315.16,0.7
809,2022-01-29,2022-01,social_media,brand_awareness,40.27,IN,27,M,basic,1,,915,574.42,0.02
810,2024-02-29,2024-02,paid_search,,61.25,AU,43,F,enterprise,1,,154,6113.73,0.87
811,2022-06-19,2022-06,affiliate,brand_awareness,54.59,FR,52,F,basic,0,2023-08-21,428,526.33,0.92
812,2024-06-09,2024-06,paid_search,summer_sale,56.35,CA,27,M,free,1,,53,82.91,0.02
813,2022-06-22,2022-06,content_marketing,spring_promo,7.42,JP,44,F,pro,1,,771,565.71,0.38
814,2023-12-22,2023-12,social_media,winter_deal,34.32,FR,25,M,pro,0,2024-02-27,67,1399.88,0.8
815,2022-07-16,2022-07,email,influencer_q1,7.73,BR,24,F,free,0,2023-08-13,393,31.22,0.07
816,2022-01-31,2022-01,referral,influencer_q2,14.7,US,18,M,pro,0,2022-03-21,49,459.45,0.52
817,2022-01-08,2022-01,affiliate,product_hunt,46,UK,49,M,free,0,2023-01-29,386,81.37,0.35
818,2022-11-19,2022-11,referral,retargeting,18.3,AU,57,M,basic,0,2023-03-08,109,121.67,0.86
819,2023-02-16,2023-02,social_media,spring_promo,40.1,FR,35,F,pro,1,,532,970.76,0.68
820,2024-06-09,2024-06,content_marketing,webinar_series,15.33,UK,18,NB,enterprise,1,,53,1289.8,0.36
821,2022-02-16,2022-02,direct,,1.33,BR,49,M,basic,0,2023-05-07,445,627.11,0.93
822,2023-05-03,2023-05,paid_search,influencer_q1,34.1,UK,63,M,basic,1,,456,582.67,0.5
823,2022-05-11,2022-05,content_marketing,summer_sale,12.53,IN,53,NB,basic,1,,813,635.73,0.48
824,2023-07-08,2023-07,referral,winter_deal,9.23,IN,62,M,basic,1,,390,206.53,0.92
825,2023-01-28,2023-01,email,winter_deal,11.35,IN,48,F,pro,1,,551,1648.74,0.63
826,2023-05-19,2023-05,paid_search,retargeting,71.68,BR,56,M,free,1,,440,86.87,0.72
827,2023-11-01,2023-11,affiliate,winter_deal,31.18,US,36,M,free,1,,274,104.35,0.74
828,2022-04-29,2022-04,direct,fall_launch,2.56,AU,54,F,free,1,,825,37.09,0.39
829,2023-03-10,2023-03,direct,retargeting,2.39,US,51,F,basic,0,2023-03-26,16,410.68,0.46
830,2022-05-29,2022-05,email,winter_deal,8.5,DE,27,F,free,1,,795,92.12,0.7
831,2023-09-06,2023-09,direct,brand_awareness,1.51,JP,25,M,pro,1,,330,1228.75,0.22
832,2022-10-26,2022-10,affiliate,spring_promo,69.06,CA,27,F,free,1,,645,92.94,0.7
833,2022-02-23,2022-02,social_media,influencer_q2,46.37,UK,60,F,free,0,2023-04-07,408,50.37,0.67
834,2022-12-23,2022-12,affiliate,influencer_q1,23.59,JP,36,M,enterprise,1,,587,4159.25,0.11
835,2022-11-28,2022-11,organic_search,brand_awareness,2.29,US,54,M,pro,1,,612,528.54,0.22
836,2024-02-06,2024-02,referral,,5.18,JP,54,M,pro,1,,177,862.24,0.97
837,2023-11-27,2023-11,social_media,spring_promo,14.8,DE,29,F,free,0,2024-11-14,353,73.41,0.96
838,2023-10-05,2023-10,affiliate,winter_deal,21.7,UK,43,F,pro,1,,301,1260.03,0.38
839,2023-12-10,2023-12,paid_search,influencer_q2,71.22,IN,42,M,pro,1,,235,492.8,0.09
840,2023-05-16,2023-05,referral,spring_promo,16.74,BR,48,M,pro,1,,443,580.78,0.48
841,2023-10-23,2023-10,affiliate,brand_awareness,48.57,US,38,M,enterprise,1,,283,2198.41,0.81
842,2022-01-21,2022-01,affiliate,webinar_series,60.87,FR,49,M,pro,1,,923,1499.11,0.65
843,2024-02-11,2024-02,referral,,22.95,US,56,F,free,0,2025-01-04,328,31.07,0.14
844,2022-07-31,2022-07,social_media,summer_sale,38.12,US,23,NB,basic,1,,732,413.99,0.42
845,2023-11-05,2023-11,organic_search,winter_deal,1.5,FR,36,F,basic,1,,270,495.35,0.52
846,2022-12-27,2022-12,referral,summer_sale,18.25,US,33,M,free,1,,583,39.37,0.14
847,2023-07-20,2023-07,referral,product_hunt,12.18,US,64,F,free,0,2024-08-20,397,78.48,0.17
848,2023-04-13,2023-04,paid_search,brand_awareness,58.97,JP,27,F,free,1,,476,109.58,0.69
849,2022-07-17,2022-07,direct,product_hunt,1.97,FR,56,M,pro,1,,746,1454.41,0.38
850,2023-09-11,2023-09,referral,summer_sale,10.4,FR,25,F,basic,0,2023-12-18,98,315.92,0.34
851,2022-10-07,2022-10,social_media,winter_deal,23.68,US,42,NB,free,1,,664,90.45,0.13
852,2023-06-24,2023-06,email,product_hunt,12.68,DE,24,F,pro,1,,404,1114.22,0.61
853,2022-02-19,2022-02,social_media,retargeting,57.33,AU,29,M,pro,1,,894,1085.62,0.59
854,2024-05-20,2024-05,affiliate,influencer_q2,49.62,UK,18,F,pro,1,,73,525.45,0.57
855,2022-10-01,2022-10,organic_search,,4.87,JP,33,F,basic,1,,670,357.04,0.36
856,2023-04-25,2023-04,email,brand_awareness,14.38,FR,63,F,pro,1,,464,1555.41,0.94
857,2023-02-21,2023-02,direct,summer_sale,1.9,US,64,M,free,1,,527,27.61,0.29
858,2023-05-20,2023-05,organic_search,influencer_q1,3.39,JP,26,M,basic,1,,439,599.56,0.69
859,2023-02-20,2023-02,organic_search,product_hunt,0.95,JP,18,F,pro,1,,528,671.69,0.73
860,2024-04-23,2024-04,organic_search,product_hunt,2.24,US,61,F,pro,1,,100,571.73,0.37
861,2022-05-17,2022-05,direct,spring_promo,1.27,AU,28,M,free,1,,807,42.48,0.54
862,2024-02-24,2024-02,paid_search,brand_awareness,34.45,UK,34,M,pro,1,,159,633.15,0.31
863,2023-10-21,2023-10,organic_search,influencer_q2,4.46,DE,21,M,basic,0,2024-10-24,369,177.87,0.35
864,2024-01-10,2024-01,social_media,influencer_q1,27.73,US,45,F,free,0,2024-06-22,164,56.96,0.9
865,2022-01-08,2022-01,social_media,,22.51,DE,43,M,basic,1,,936,409.67,0.27
866,2023-03-26,2023-03,content_marketing,fall_launch,8.5,JP,45,M,pro,1,,494,479.36,0.29
867,2022-05-17,2022-05,affiliate,influencer_q1,57.2,US,28,F,enterprise,1,,807,6507.81,0.13
868,2023-05-16,2023-05,content_marketing,,22.86,CA,43,F,enterprise,1,,443,3299.78,0.12
869,2022-04-21,2022-04,organic_search,fall_launch,0.78,FR,18,F,free,1,,833,50.79,0.97
870,2024-01-26,2024-01,organic_search,influencer_q1,2.4,UK,49,M,basic,1,,188,513.79,0.19
871,2022-10-15,2022-10,paid_search,brand_awareness,79.63,UK,60,F,free,1,,656,92.9,0.7
872,2023-05-30,2023-05,social_media,winter_deal,59.63,BR,58,F,free,0,2023-07-15,46,44.65,0.2
873,2022-05-30,2022-05,affiliate,spring_promo,50.82,US,21,M,basic,1,,794,649.27,0.23
874,2023-03-13,2023-03,content_marketing,spring_promo,17.75,IN,21,M,free,0,2024-03-13,366,84.04,0.25
875,2022-02-18,2022-02,social_media,spring_promo,10.03,IN,65,M,free,0,2022-06-08,110,58.78,0.26
876,2023-05-19,2023-05,direct,retargeting,0.91,US,60,M,basic,1,,440,298.85,0.74
877,2023-01-06,2023-01,direct,winter_deal,1.95,UK,55,M,pro,0,2023-05-16,130,379.1,0.96
878,2023-11-02,2023-11,referral,winter_deal,19.09,US,22,F,basic,0,2025-03-08,492,654.41,0.21
879,2024-01-09,2024-01,social_media,spring_promo,16.39,AU,53,F,pro,1,,205,1538.37,0.56
880,2022-12-22,2022-12,direct,influencer_q2,1.89,US,45,M,basic,1,,588,392.09,0.03
881,2023-09-06,2023-09,email,fall_launch,5.77,BR,21,F,pro,1,,330,892.39,0.68
882,2024-06-10,2024-06,paid_search,fall_launch,43.45,FR,42,F,basic,1,,52,231.74,0.01
883,2023-08-09,2023-08,referral,product_hunt,18.93,FR,47,F,pro,1,,358,1547.56,0.3
884,2022-10-02,2022-10,paid_search,fall_launch,29.56,FR,33,M,basic,1,,669,269.99,0.14
885,2024-06-13,2024-06,organic_search,,4.9,UK,52,M,basic,1,,49,645,0.33
886,2023-12-24,2023-12,email,fall_launch,7.31,BR,36,M,free,1,,221,94.15,0.22
887,2022-10-14,2022-10,social_media,brand_awareness,58.58,FR,60,NB,pro,1,,657,473.28,0.74
888,2023-01-27,2023-01,email,,10.25,FR,31,F,free,0,2024-03-13,411,34.01,0.24
889,2024-01-14,2024-01,affiliate,retargeting,27.42,DE,23,F,basic,1,,200,215.1,0.57
890,2024-01-17,2024-01,social_media,,24.1,UK,28,F,pro,1,,197,590.5,0.15
891,2023-03-13,2023-03,referral,influencer_q2,23.18,AU,24,F,free,1,,507,21.06,0.11
892,2023-01-29,2023-01,organic_search,summer_sale,4.13,IN,20,M,pro,1,,550,1671.58,0.6
893,2024-03-22,2024-03,organic_search,summer_sale,2.71,CA,63,M,free,1,,132,100.32,0.81
894,2022-11-11,2022-11,direct,influencer_q2,0.46,US,52,F,basic,0,2023-01-02,52,175.52,0.3
895,2023-06-08,2023-06,affiliate,fall_launch,20.06,UK,19,M,basic,1,,420,274.9,0.91
896,2023-12-02,2023-12,affiliate,,64.21,US,49,M,free,0,2024-09-22,295,52.16,0.61
897,2022-05-02,2022-05,direct,summer_sale,2.69,BR,27,M,basic,1,,822,486.89,0.16
898,2023-11-15,2023-11,email,product_hunt,12.63,CA,24,M,basic,1,,260,263.32,0.9
899,2024-03-28,2024-03,paid_search,spring_promo,71.01,US,59,M,free,0,2025-08-06,496,93.32,0.12
900,2023-03-14,2023-03,email,fall_launch,3.18,US,29,F,basic,1,,506,379.9,0.96
901,2023-09-09,2023-09,direct,fall_launch,2.41,IN,33,M,basic,1,,327,386,0.54
902,2022-08-24,2022-08,affiliate,summer_sale,49.05,AU,51,F,pro,1,,708,1332.45,0.24
903,2022-01-03,2022-01,referral,spring_promo,12.25,DE,26,F,free,0,2022-06-01,149,46.52,0.15
904,2024-05-23,2024-05,affiliate,winter_deal,30.54,UK,21,F,free,1,,70,32.88,0.73
905,2023-12-14,2023-12,affiliate,retargeting,22.7,US,60,F,basic,1,,231,205.41,0.15
906,2022-05-25,2022-05,paid_search,winter_deal,20.01,BR,44,M,free,1,,799,87.33,0.69
907,2022-11-03,2022-11,content_marketing,influencer_q1,23.06,DE,59,F,free,0,2022-12-12,39,74.38,0.18
908,2022-06-14,2022-06,organic_search,influencer_q1,4.16,IN,47,F,pro,1,,779,1042.7,0.71
909,2023-03-10,2023-03,social_media,brand_awareness,58.66,FR,42,NB,free,0,2023-05-13,64,39.7,0.19
910,2024-02-03,2024-02,paid_search,influencer_q2,46.03,IN,59,M,basic,0,2025-02-24,387,469.19,0.2
911,2022-04-22,2022-04,paid_search,summer_sale,38.58,CA,19,M,free,0,2022-12-01,223,73.74,0.75
912,2022-11-13,2022-11,referral,webinar_series,9.03,US,33,M,enterprise,1,,627,4244.19,0.78
913,2022-02-16,2022-02,organic_search,retargeting,0.47,UK,18,NB,pro,1,,897,1040.31,0.32
914,2023-02-05,2023-02,direct,fall_launch,2.11,US,39,M,pro,0,2023-07-15,160,354.11,0.79
915,2023-05-04,2023-05,organic_search,brand_awareness,0.81,IN,47,M,basic,1,,455,245.05,0.22
916,2023-11-29,2023-11,social_media,fall_launch,59.67,FR,51,NB,basic,1,,246,535.06,0.45
917,2022-05-15,2022-05,direct,brand_awareness,1.08,AU,20,F,pro,1,,809,620.7,0.61
918,2022-03-18,2022-03,social_media,product_hunt,41.39,DE,24,F,free,1,,867,69.24,0.96
919,2024-03-11,2024-03,paid_search,influencer_q2,21.12,CA,28,F,free,0,2025-03-25,379,51.8,0.08
920,2023-12-29,2023-12,content_marketing,brand_awareness,29.65,UK,46,F,free,0,2025-08-09,589,63.94,0.37
921,2022-10-21,2022-10,affiliate,influencer_q1,62.85,IN,26,M,basic,1,,650,289.37,0.09
922,2023-02-28,2023-02,content_marketing,brand_awareness,26.94,IN,20,F,basic,1,,520,252.2,0.81
923,2022-01-09,2022-01,social_media,summer_sale,24.53,US,54,M,free,0,2023-05-04,480,80.22,0.35
924,2023-04-25,2023-04,content_marketing,summer_sale,7.15,JP,24,F,enterprise,1,,464,2277.14,0.33
925,2022-11-21,2022-11,direct,product_hunt,1.46,JP,65,M,free,0,2023-05-06,166,105.37,0.15
926,2022-08-07,2022-08,direct,product_hunt,0.09,BR,42,M,pro,1,,725,1729.13,0.22
927,2022-08-05,2022-08,organic_search,,2.11,UK,58,M,free,0,2022-11-03,90,46.85,0.71
928,2024-06-11,2024-06,affiliate,webinar_series,30.71,UK,29,F,free,1,,51,50.78,0.75
929,2022-06-18,2022-06,referral,retargeting,23.84,DE,48,F,pro,1,,775,948.97,0.9
930,2023-08-08,2023-08,affiliate,spring_promo,48.05,BR,30,M,pro,1,,359,786.17,0.98
931,2024-01-22,2024-01,direct,spring_promo,0.45,DE,27,F,free,1,,192,80.66,0.27
932,2024-01-10,2024-01,organic_search,influencer_q2,4.72,US,58,M,enterprise,1,,204,2380.56,0.97
933,2023-03-07,2023-03,social_media,product_hunt,28.88,CA,31,F,enterprise,1,,513,1277.6,0.81
934,2022-01-17,2022-01,email,brand_awareness,8.53,US,62,F,enterprise,1,,927,3099.34,0.82
935,2023-03-13,2023-03,direct,summer_sale,2.78,DE,45,M,basic,0,2024-06-08,453,326.04,0.84
936,2023-12-07,2023-12,affiliate,,34.16,BR,24,NB,pro,0,2023-12-30,23,1207.41,0.41
937,2023-05-24,2023-05,paid_search,,43.87,BR,20,F,pro,1,,435,1438.71,0.55
938,2022-04-28,2022-04,referral,influencer_q2,24.01,CA,47,M,pro,1,,826,1387.26,0.02
939,2023-01-19,2023-01,referral,webinar_series,10.67,IN,34,M,enterprise,1,,560,4835.82,0.01
940,2023-03-01,2023-03,organic_search,spring_promo,0.13,CA,51,F,basic,0,2024-10-13,592,656.13,0.25
941,2023-02-05,2023-02,referral,product_hunt,17.89,US,54,M,enterprise,1,,543,5131.81,0.41
942,2022-11-22,2022-11,social_media,influencer_q1,21.55,JP,26,F,basic,1,,618,575.24,0.62
943,2022-09-24,2022-09,social_media,retargeting,20.19,US,19,M,basic,1,,677,135.02,0.7
944,2022-03-22,2022-03,affiliate,spring_promo,57.12,US,47,F,pro,0,2022-11-11,234,747.57,0.53
945,2022-09-09,2022-09,affiliate,brand_awareness,52.96,UK,23,F,basic,1,,692,432.85,0.11
946,2023-04-16,2023-04,paid_search,summer_sale,24.22,UK,29,M,basic,1,,473,572.69,0.39
947,2023-05-18,2023-05,organic_search,influencer_q1,0.37,IN,22,M,basic,1,,441,462.12,0.45
948,2022-06-14,2022-06,social_media,brand_awareness,10.51,US,60,F,basic,0,2023-06-07,358,656.62,0.48
949,2023-09-21,2023-09,organic_search,fall_launch,2.61,UK,25,M,free,0,2025-03-05,531,88.49,0.22
950,2023-01-09,2023-01,paid_search,winter_deal,16.92,US,32,M,pro,0,2023-10-23,287,1013.47,0.94
951,2022-12-23,2022-12,email,influencer_q2,11.69,DE,45,F,basic,0,2023-06-25,184,226.85,0.84
952,2024-01-05,2024-01,email,influencer_q1,3.34,BR,37,M,free,1,,209,59.01,0.45
953,2023-09-03,2023-09,email,retargeting,10.1,BR,42,M,basic,1,,333,461.66,0.07
954,2022-06-21,2022-06,organic_search,webinar_series,1.27,AU,36,F,pro,1,,772,1083.92,0.4
955,2022-04-28,2022-04,social_media,retargeting,31.47,US,40,M,free,0,2022-09-30,155,90.16,0.13
956,2022-11-23,2022-11,organic_search,retargeting,1.07,BR,38,F,basic,1,,617,444.97,0.53
957,2022-04-16,2022-04,email,product_hunt,14.3,IN,22,F,basic,1,,838,355.01,0.81
958,2022-07-22,2022-07,referral,spring_promo,21.05,DE,20,NB,basic,0,2023-01-20,182,444.77,0.59
959,2022-08-31,2022-08,organic_search,brand_awareness,0.09,BR,18,F,free,1,,701,56.25,0.89
960,2023-06-25,2023-06,organic_search,retargeting,3.22,US,48,M,pro,1,,403,715.53,0.75
961,2023-02-14,2023-02,paid_search,webinar_series,65.35,DE,57,M,free,1,,534,64.4,0.64
962,2022-05-05,2022-05,direct,product_hunt,0.31,UK,21,F,free,1,,819,97.52,0.72
963,2022-08-20,2022-08,social_media,summer_sale,19.56,CA,52,NB,enterprise,1,,712,2602.31,0.78
964,2022-04-24,2022-04,organic_search,brand_awareness,0.38,CA,62,F,pro,1,,830,565.29,0.15
965,2023-04-17,2023-04,paid_search,fall_launch,35.76,US,55,F,enterprise,1,,472,3612.61,0.13
966,2023-06-25,2023-06,referral,product_hunt,14.56,DE,35,M,pro,1,,403,699.89,0.3
967,2022-03-26,2022-03,direct,webinar_series,2.51,UK,60,F,pro,1,,859,428.21,0.49
968,2022-08-06,2022-08,organic_search,,1.08,AU,30,F,free,1,,726,88.54,0.51
969,2022-11-17,2022-11,email,influencer_q2,10.52,FR,24,F,free,0,2024-03-01,470,98.11,0.51
970,2024-03-09,2024-03,affiliate,winter_deal,23.43,AU,28,F,enterprise,1,,145,1751.15,0.46
971,2022-04-20,2022-04,paid_search,winter_deal,16.08,DE,29,M,basic,1,,834,310.06,0.13
972,2023-07-18,2023-07,paid_search,retargeting,43.05,US,43,F,basic,0,2024-04-29,286,319.68,0.06
973,2023-01-27,2023-01,affiliate,winter_deal,34.7,AU,29,F,basic,1,,552,354.13,0.68
974,2023-10-24,2023-10,referral,summer_sale,9.39,US,20,F,free,0,2024-08-08,289,40.38,0.62
975,2024-01-04,2024-01,affiliate,influencer_q1,39.64,UK,64,F,pro,1,,210,566.28,0.21
976,2023-10-15,2023-10,email,product_hunt,5.74,US,24,M,enterprise,1,,291,5191.09,0.85
977,2023-12-06,2023-12,referral,fall_launch,11.3,US,28,M,pro,0,2023-12-26,20,1279.09,0.43
978,2022-01-22,2022-01,social_media,brand_awareness,54.06,US,61,F,free,0,2023-05-29,492,72.48,0.49
979,2022-09-11,2022-09,content_marketing,summer_sale,6.13,US,54,F,free,0,2024-02-15,522,35.06,0.15
980,2022-04-07,2022-04,paid_search,brand_awareness,67.25,CA,46,F,basic,1,,847,478.24,0.26
981,2023-04-15,2023-04,organic_search,retargeting,1.51,CA,51,F,pro,1,,474,1177.87,0.12
982,2023-12-04,2023-12,organic_search,fall_launch,4.89,UK,60,NB,basic,0,2025-07-24,598,520.15,0.96
983,2023-01-04,2023-01,referral,summer_sale,8.88,AU,58,M,free,1,,575,69.04,0.9
984,2024-06-16,2024-06,social_media,brand_awareness,55.52,CA,39,M,basic,1,,46,287.03,0.05
985,2023-06-17,2023-06,direct,product_hunt,0.37,DE,54,NB,pro,1,,411,1716.04,0.5
986,2023-12-03,2023-12,social_media,influencer_q2,44.05,FR,36,F,pro,1,,242,735.09,0.79
987,2022-01-16,2022-01,content_marketing,spring_promo,10.43,BR,25,M,free,0,2022-01-23,7,24.49,0.14
988,2024-06-18,2024-06,email,webinar_series,10.65,FR,27,F,pro,0,2025-01-12,208,942.15,0.91
989,2022-10-25,2022-10,referral,spring_promo,14.46,CA,33,F,basic,1,,646,642.13,0.11
990,2022-09-25,2022-09,email,product_hunt,6.04,BR,45,F,free,1,,676,81.5,0.21
991,2022-05-19,2022-05,affiliate,webinar_series,29.98,UK,23,M,enterprise,1,,805,2190.21,0.78
992,2024-05-03,2024-05,affiliate,summer_sale,26.93,DE,62,M,enterprise,1,,90,3729.25,0.43
993,2023-03-07,2023-03,affiliate,influencer_q2,21.38,FR,19,F,basic,1,,513,452.21,0.31
994,2022-09-06,2022-09,direct,fall_launch,1.86,BR,36,M,pro,0,2022-09-19,13,986.44,0.76
995,2023-06-15,2023-06,content_marketing,spring_promo,7.12,UK,59,M,basic,1,,413,425.34,0.69
996,2024-06-04,2024-06,organic_search,summer_sale,3.7,IN,50,F,free,0,2024-11-05,154,70.58,0.96
997,2022-05-20,2022-05,referral,,17.79,US,37,F,pro,1,,804,1480.09,0.62
998,2022-07-25,2022-07,paid_search,summer_sale,15,BR,25,F,free,0,2022-08-26,32,94.95,0.44
999,2022-02-26,2022-02,paid_search,brand_awareness,41.3,US,33,F,basic,1,,887,487.91,0.85
1000,2023-09-24,2023-09,paid_search,influencer_q1,24.51,US,29,M,pro,1,,312,1056.58,0.7